order_id,date,customer_id,region,channel,category,quantity,unit_price,discount_pct,revenue,cogs,gross_profit,is_demo_data
ORD-10001,2024-01-21,CUST-135,APAC,Direct Sales,Enterprise Software,1,4017.89,5.0,4017.89,1004.47,3013.42,True
ORD-10002,2024-01-02,CUST-106,EMEA,Inside Sales,Enterprise Software,1,2030.82,0.0,2030.82,507.7,1523.12,True
ORD-10003,2024-01-19,CUST-140,EMEA,Digital Self-Service,Enterprise Software,2,4503.34,0.0,9006.68,2251.67,6755.01,True
ORD-10004,2024-01-07,CUST-124,North America,Digital Self-Service,Hardware & Peripherals,1,503.42,5.0,503.42,362.46,140.96,True
ORD-10005,2024-01-26,CUST-336,North America,Digital Self-Service,Enterprise Software,1,2945.81,10.0,2945.81,736.45,2209.36,True
ORD-10006,2024-01-20,CUST-117,North America,Partner / Reseller,Hardware & Peripherals,1,529.72,10.0,529.72,381.4,148.32,True
ORD-10007,2024-01-03,CUST-216,EMEA,Digital Self-Service,Professional Consulting,1,7198.9,0.0,7198.9,3959.39,3239.51,True
ORD-10008,2024-01-12,CUST-265,North America,Partner / Reseller,Enterprise Software,5,2214.52,5.0,11072.6,2768.15,8304.45,True
ORD-10009,2024-01-08,CUST-263,EMEA,Partner / Reseller,Enterprise Software,10,2641.93,5.0,26419.3,6604.82,19814.48,True
ORD-10010,2024-01-27,CUST-306,North America,Digital Self-Service,Professional Consulting,3,2335.63,0.0,7006.89,3853.79,3153.1,True
ORD-10011,2024-01-30,CUST-267,EMEA,Inside Sales,Hardware & Peripherals,1,1070.19,0.0,1070.19,770.54,299.65,True
ORD-10012,2024-01-05,CUST-249,North America,Inside Sales,Enterprise Software,1,3333.2,0.0,3333.2,833.3,2499.9,True
ORD-10013,2024-01-05,CUST-128,North America,Partner / Reseller,Cloud Services,1,590.91,10.0,590.91,206.82,384.09,True
ORD-10014,2024-01-14,CUST-219,EMEA,Direct Sales,Cloud Services,2,1208.01,5.0,2416.02,845.61,1570.41,True
ORD-10015,2024-01-04,CUST-264,North America,Digital Self-Service,Cloud Services,1,1527.64,5.0,1527.64,534.67,992.97,True
ORD-10016,2024-01-15,CUST-348,EMEA,Partner / Reseller,Enterprise Software,2,3943.95,5.0,7887.9,1971.97,5915.93,True
ORD-10017,2024-01-04,CUST-255,North America,Digital Self-Service,Professional Consulting,2,3790.67,10.0,7581.34,4169.74,3411.6,True
ORD-10018,2024-01-18,CUST-253,North America,Direct Sales,Hardware & Peripherals,3,1118.56,0.0,3355.68,2416.09,939.59,True
ORD-10019,2024-01-12,CUST-114,North America,Direct Sales,Professional Consulting,1,6989.99,0.0,6989.99,3844.49,3145.5,True
ORD-10020,2024-01-16,CUST-132,North America,Inside Sales,Professional Consulting,1,7867.91,15.0,7867.91,4327.35,3540.56,True
ORD-10021,2024-01-06,CUST-154,LATAM,Partner / Reseller,Enterprise Software,1,4515.25,10.0,4515.25,1128.81,3386.44,True
ORD-10022,2024-01-13,CUST-232,EMEA,Partner / Reseller,Hardware & Peripherals,1,832.37,0.0,832.37,599.31,233.06,True
ORD-10023,2024-01-11,CUST-101,North America,Direct Sales,Enterprise Software,2,3304.9,0.0,6609.8,1652.45,4957.35,True
ORD-10024,2024-01-29,CUST-171,EMEA,Partner / Reseller,Enterprise Software,1,2455.63,5.0,2455.63,613.91,1841.72,True
ORD-10025,2024-01-24,CUST-300,EMEA,Inside Sales,Hardware & Peripherals,1,749.6,0.0,749.6,539.71,209.89,True
ORD-10026,2024-01-04,CUST-321,EMEA,Direct Sales,Cloud Services,1,1144.02,0.0,1144.02,400.41,743.61,True
ORD-10027,2024-01-24,CUST-148,EMEA,Partner / Reseller,Enterprise Software,1,4474.36,5.0,4474.36,1118.59,3355.77,True
ORD-10028,2024-01-09,CUST-306,APAC,Direct Sales,Cloud Services,1,2236.42,0.0,2236.42,782.75,1453.67,True
ORD-10029,2024-01-18,CUST-317,North America,Inside Sales,Professional Consulting,5,7813.98,5.0,39069.9,21488.45,17581.45,True
ORD-10030,2024-01-07,CUST-100,LATAM,Digital Self-Service,Professional Consulting,1,7414.66,15.0,7414.66,4078.06,3336.6,True
ORD-10031,2024-01-26,CUST-300,EMEA,Inside Sales,Cloud Services,5,1288.32,0.0,6441.6,2254.56,4187.04,True
ORD-10032,2024-01-10,CUST-115,APAC,Direct Sales,Enterprise Software,2,1422.24,0.0,2844.48,711.12,2133.36,True
ORD-10033,2024-01-16,CUST-345,EMEA,Partner / Reseller,Cloud Services,1,2190.71,0.0,2190.71,766.75,1423.96,True
ORD-10034,2024-01-03,CUST-327,EMEA,Direct Sales,Cloud Services,1,893.93,5.0,893.93,312.88,581.05,True
ORD-10035,2024-01-14,CUST-166,North America,Digital Self-Service,Cloud Services,1,1586.98,0.0,1586.98,555.44,1031.54,True
ORD-10036,2024-01-13,CUST-337,APAC,Direct Sales,Enterprise Software,1,3652.9,0.0,3652.9,913.23,2739.67,True
ORD-10037,2024-01-20,CUST-154,EMEA,Partner / Reseller,Hardware & Peripherals,1,1195.9,15.0,1195.9,861.05,334.85,True
ORD-10038,2024-01-29,CUST-212,APAC,Digital Self-Service,Enterprise Software,1,2128.28,5.0,2128.28,532.07,1596.21,True
ORD-10039,2024-01-26,CUST-176,LATAM,Direct Sales,Cloud Services,3,416.43,15.0,1249.29,437.25,812.04,True
ORD-10040,2024-01-05,CUST-139,North America,Partner / Reseller,Enterprise Software,2,4580.91,10.0,9161.82,2290.45,6871.37,True
ORD-10041,2024-01-07,CUST-164,APAC,Direct Sales,Cloud Services,1,2191.12,0.0,2191.12,766.89,1424.23,True
ORD-10042,2024-01-14,CUST-133,EMEA,Digital Self-Service,Professional Consulting,1,2264.52,0.0,2264.52,1245.49,1019.03,True
ORD-10043,2024-01-15,CUST-119,LATAM,Partner / Reseller,Cloud Services,1,1298.14,5.0,1298.14,454.35,843.79,True
ORD-10044,2024-01-27,CUST-110,North America,Direct Sales,Enterprise Software,1,3299.6,15.0,3299.6,824.9,2474.7,True
ORD-10045,2024-01-07,CUST-243,APAC,Inside Sales,Cloud Services,1,1800.56,25.0,1800.56,630.2,1170.36,True
ORD-10046,2024-01-24,CUST-349,APAC,Partner / Reseller,Enterprise Software,3,4733.55,15.0,14200.65,3550.16,10650.49,True
ORD-10047,2024-01-01,CUST-205,APAC,Partner / Reseller,Enterprise Software,2,4713.05,0.0,9426.1,2356.53,7069.57,True
ORD-10048,2024-01-26,CUST-220,North America,Inside Sales,Professional Consulting,1,4295.25,0.0,4295.25,2362.39,1932.86,True
ORD-10049,2024-01-27,CUST-149,North America,Digital Self-Service,Professional Consulting,1,3365.57,15.0,3365.57,1851.06,1514.51,True
ORD-10050,2024-01-25,CUST-315,EMEA,Direct Sales,Enterprise Software,1,3637.63,0.0,3637.63,909.41,2728.22,True
ORD-10051,2024-01-09,CUST-127,EMEA,Digital Self-Service,Enterprise Software,1,4857.63,10.0,4857.63,1214.41,3643.22,True
ORD-10052,2024-01-11,CUST-330,EMEA,Digital Self-Service,Cloud Services,1,2466.9,0.0,2466.9,863.41,1603.49,True
ORD-10053,2024-01-14,CUST-284,LATAM,Partner / Reseller,Enterprise Software,1,4717.19,0.0,4717.19,1179.3,3537.89,True
ORD-10054,2024-01-03,CUST-269,APAC,Digital Self-Service,Hardware & Peripherals,2,1116.81,5.0,2233.62,1608.21,625.41,True
ORD-10055,2024-01-22,CUST-132,North America,Inside Sales,Cloud Services,1,1245.04,5.0,1245.04,435.76,809.28,True
ORD-10056,2024-01-29,CUST-313,North America,Digital Self-Service,Enterprise Software,1,3362.6,0.0,3362.6,840.65,2521.95,True
ORD-10057,2024-01-26,CUST-213,EMEA,Inside Sales,Cloud Services,1,1774.88,10.0,1774.88,621.21,1153.67,True
ORD-10058,2024-01-26,CUST-269,EMEA,Digital Self-Service,Professional Consulting,1,5953.1,0.0,5953.1,3274.21,2678.89,True
ORD-10059,2024-01-25,CUST-137,North America,Partner / Reseller,Enterprise Software,3,2379.59,25.0,7138.77,1784.69,5354.08,True
ORD-10060,2024-01-20,CUST-261,EMEA,Inside Sales,Professional Consulting,1,2436.97,5.0,2436.97,1340.33,1096.64,True
ORD-10061,2024-01-08,CUST-320,APAC,Direct Sales,Enterprise Software,3,3812.97,10.0,11438.91,2859.73,8579.18,True
ORD-10062,2024-01-08,CUST-112,EMEA,Direct Sales,Enterprise Software,1,4840.27,5.0,4840.27,1210.07,3630.2,True
ORD-10063,2024-01-26,CUST-181,LATAM,Inside Sales,Cloud Services,2,1515.38,5.0,3030.76,1060.77,1969.99,True
ORD-10064,2024-01-24,CUST-214,APAC,Inside Sales,Hardware & Peripherals,3,598.08,5.0,1794.24,1291.85,502.39,True
ORD-10065,2024-01-25,CUST-233,EMEA,Partner / Reseller,Enterprise Software,2,3623.11,0.0,7246.22,1811.56,5434.66,True
ORD-10066,2024-01-03,CUST-328,EMEA,Partner / Reseller,Professional Consulting,1,3406.96,0.0,3406.96,1873.83,1533.13,True
ORD-10067,2024-01-13,CUST-204,North America,Inside Sales,Cloud Services,1,1883.48,5.0,1883.48,659.22,1224.26,True
ORD-10068,2024-01-07,CUST-342,EMEA,Inside Sales,Professional Consulting,2,4336.86,5.0,8673.72,4770.55,3903.17,True
ORD-10069,2024-02-11,CUST-313,North America,Partner / Reseller,Enterprise Software,3,2681.95,5.0,8045.85,2011.46,6034.39,True
ORD-10070,2024-02-08,CUST-273,APAC,Partner / Reseller,Cloud Services,1,460.95,10.0,460.95,161.33,299.62,True
ORD-10071,2024-02-29,CUST-200,EMEA,Direct Sales,Enterprise Software,1,3564.58,0.0,3564.58,891.14,2673.44,True
ORD-10072,2024-02-13,CUST-197,North America,Inside Sales,Enterprise Software,1,2954.45,0.0,2954.45,738.61,2215.84,True
ORD-10073,2024-02-24,CUST-207,North America,Direct Sales,Professional Consulting,5,3669.54,5.0,18347.7,10091.24,8256.46,True
ORD-10074,2024-02-23,CUST-266,North America,Direct Sales,Cloud Services,1,2499.81,10.0,2499.81,874.93,1624.88,True
ORD-10075,2024-02-07,CUST-132,EMEA,Direct Sales,Enterprise Software,1,1277.44,5.0,1277.44,319.36,958.08,True
ORD-10076,2024-02-06,CUST-255,EMEA,Direct Sales,Cloud Services,1,938.11,10.0,938.11,328.34,609.77,True
ORD-10077,2024-02-05,CUST-179,EMEA,Inside Sales,Hardware & Peripherals,1,263.5,0.0,263.5,189.72,73.78,True
ORD-10078,2024-02-22,CUST-162,North America,Digital Self-Service,Enterprise Software,3,3449.97,15.0,10349.91,2587.48,7762.43,True
ORD-10079,2024-02-19,CUST-110,North America,Inside Sales,Professional Consulting,2,6777.36,5.0,13554.72,7455.1,6099.62,True
ORD-10080,2024-02-02,CUST-310,EMEA,Inside Sales,Cloud Services,3,1116.59,25.0,3349.77,1172.42,2177.35,True
ORD-10081,2024-02-20,CUST-145,APAC,Digital Self-Service,Hardware & Peripherals,1,632.73,5.0,632.73,455.57,177.16,True
ORD-10082,2024-02-29,CUST-287,EMEA,Digital Self-Service,Cloud Services,1,1415.34,15.0,1415.34,495.37,919.97,True
ORD-10083,2024-02-26,CUST-292,EMEA,Inside Sales,Hardware & Peripherals,1,442.87,0.0,442.87,318.87,124.0,True
ORD-10084,2024-02-15,CUST-304,North America,Digital Self-Service,Professional Consulting,1,3091.04,15.0,3091.04,1700.07,1390.97,True
ORD-10085,2024-02-22,CUST-148,North America,Inside Sales,Hardware & Peripherals,1,733.58,5.0,733.58,528.18,205.4,True
ORD-10086,2024-02-24,CUST-214,APAC,Direct Sales,Enterprise Software,2,3009.15,0.0,6018.3,1504.58,4513.72,True
ORD-10087,2024-02-12,CUST-221,EMEA,Digital Self-Service,Cloud Services,2,1043.03,5.0,2086.06,730.12,1355.94,True
ORD-10088,2024-02-23,CUST-178,North America,Direct Sales,Cloud Services,1,1138.8,10.0,1138.8,398.58,740.22,True
ORD-10089,2024-02-10,CUST-147,North America,Inside Sales,Enterprise Software,2,3236.28,0.0,6472.56,1618.14,4854.42,True
ORD-10090,2024-02-18,CUST-125,APAC,Digital Self-Service,Hardware & Peripherals,1,700.87,0.0,700.87,504.63,196.24,True
ORD-10091,2024-02-05,CUST-111,LATAM,Digital Self-Service,Enterprise Software,1,3890.47,5.0,3890.47,972.62,2917.85,True
ORD-10092,2024-02-04,CUST-103,EMEA,Inside Sales,Cloud Services,1,1980.86,5.0,1980.86,693.3,1287.56,True
ORD-10093,2024-02-10,CUST-222,North America,Direct Sales,Enterprise Software,5,1395.23,5.0,6976.15,1744.04,5232.11,True
ORD-10094,2024-02-02,CUST-307,EMEA,Digital Self-Service,Cloud Services,1,1841.55,0.0,1841.55,644.54,1197.01,True
ORD-10095,2024-02-07,CUST-302,EMEA,Inside Sales,Enterprise Software,2,4104.89,5.0,8209.78,2052.45,6157.33,True
ORD-10096,2024-02-14,CUST-245,EMEA,Direct Sales,Enterprise Software,1,3436.4,15.0,3436.4,859.1,2577.3,True
ORD-10097,2024-02-06,CUST-161,North America,Direct Sales,Cloud Services,1,955.76,0.0,955.76,334.52,621.24,True
ORD-10098,2024-02-13,CUST-159,North America,Digital Self-Service,Cloud Services,1,1647.0,10.0,1647.0,576.45,1070.55,True
ORD-10099,2024-02-14,CUST-302,EMEA,Partner / Reseller,Enterprise Software,1,2087.01,5.0,2087.01,521.75,1565.26,True
ORD-10100,2024-02-17,CUST-136,North America,Partner / Reseller,Enterprise Software,1,1766.16,10.0,1766.16,441.54,1324.62,True
ORD-10101,2024-02-19,CUST-131,EMEA,Digital Self-Service,Professional Consulting,1,5415.24,5.0,5415.24,2978.38,2436.86,True
ORD-10102,2024-02-08,CUST-110,APAC,Digital Self-Service,Cloud Services,1,1436.97,5.0,1436.97,502.94,934.03,True
ORD-10103,2024-01-31,CUST-247,EMEA,Direct Sales,Enterprise Software,3,4855.26,25.0,14565.78,3641.45,10924.33,True
ORD-10104,2024-02-21,CUST-144,EMEA,Inside Sales,Professional Consulting,2,5457.48,15.0,10914.96,6003.23,4911.73,True
ORD-10105,2024-02-05,CUST-348,North America,Digital Self-Service,Hardware & Peripherals,3,607.68,5.0,1823.04,1312.59,510.45,True
ORD-10106,2024-02-10,CUST-277,EMEA,Inside Sales,Cloud Services,1,2201.24,10.0,2201.24,770.43,1430.81,True
ORD-10107,2024-02-17,CUST-129,LATAM,Inside Sales,Enterprise Software,1,1534.63,15.0,1534.63,383.66,1150.97,True
ORD-10108,2024-02-26,CUST-205,North America,Digital Self-Service,Hardware & Peripherals,1,840.54,5.0,840.54,605.19,235.35,True
ORD-10109,2024-02-15,CUST-240,North America,Digital Self-Service,Cloud Services,1,1995.98,5.0,1995.98,698.59,1297.39,True
ORD-10110,2024-02-22,CUST-304,North America,Partner / Reseller,Cloud Services,2,460.63,0.0,921.26,322.44,598.82,True
ORD-10111,2024-01-31,CUST-333,North America,Direct Sales,Cloud Services,10,595.74,5.0,5957.4,2085.09,3872.31,True
ORD-10112,2024-02-04,CUST-169,North America,Inside Sales,Cloud Services,1,1904.87,25.0,1904.87,666.7,1238.17,True
ORD-10113,2024-02-07,CUST-253,EMEA,Partner / Reseller,Cloud Services,1,703.75,15.0,703.75,246.31,457.44,True
ORD-10114,2024-02-08,CUST-301,EMEA,Direct Sales,Professional Consulting,1,7126.47,0.0,7126.47,3919.56,3206.91,True
ORD-10115,2024-02-09,CUST-321,North America,Inside Sales,Professional Consulting,2,5479.54,0.0,10959.08,6027.49,4931.59,True
ORD-10116,2024-02-17,CUST-322,North America,Partner / Reseller,Professional Consulting,5,4263.26,5.0,21316.3,11723.97,9592.33,True
ORD-10117,2024-02-07,CUST-221,EMEA,Inside Sales,Professional Consulting,1,4464.65,0.0,4464.65,2455.56,2009.09,True
ORD-10118,2024-02-21,CUST-346,North America,Digital Self-Service,Professional Consulting,1,5912.11,15.0,5912.11,3251.66,2660.45,True
ORD-10119,2024-02-27,CUST-103,EMEA,Inside Sales,Professional Consulting,3,2598.27,15.0,7794.81,4287.15,3507.66,True
ORD-10120,2024-02-04,CUST-259,EMEA,Direct Sales,Enterprise Software,1,4169.8,15.0,4169.8,1042.45,3127.35,True
ORD-10121,2024-02-27,CUST-260,EMEA,Inside Sales,Cloud Services,5,1520.61,15.0,7603.05,2661.07,4941.98,True
ORD-10122,2024-02-01,CUST-173,LATAM,Direct Sales,Cloud Services,2,893.02,5.0,1786.04,625.11,1160.93,True
ORD-10123,2024-02-03,CUST-142,EMEA,Direct Sales,Professional Consulting,1,6223.34,0.0,6223.34,3422.84,2800.5,True
ORD-10124,2024-02-25,CUST-162,EMEA,Partner / Reseller,Enterprise Software,1,2562.16,0.0,2562.16,640.54,1921.62,True
ORD-10125,2024-02-02,CUST-227,LATAM,Partner / Reseller,Cloud Services,2,1203.34,0.0,2406.68,842.34,1564.34,True
ORD-10126,2024-02-20,CUST-305,EMEA,Digital Self-Service,Enterprise Software,1,2170.24,5.0,2170.24,542.56,1627.68,True
ORD-10127,2024-02-05,CUST-176,EMEA,Inside Sales,Enterprise Software,10,4791.9,5.0,47919.0,11979.75,35939.25,True
ORD-10128,2024-02-14,CUST-223,North America,Inside Sales,Professional Consulting,1,3195.3,5.0,3195.3,1757.42,1437.88,True
ORD-10129,2024-02-18,CUST-312,EMEA,Digital Self-Service,Enterprise Software,1,3857.26,0.0,3857.26,964.32,2892.94,True
ORD-10130,2024-02-27,CUST-255,APAC,Digital Self-Service,Cloud Services,1,1963.8,10.0,1963.8,687.33,1276.47,True
ORD-10131,2024-02-07,CUST-258,North America,Partner / Reseller,Cloud Services,2,1139.87,5.0,2279.74,797.91,1481.83,True
ORD-10132,2024-02-28,CUST-108,EMEA,Partner / Reseller,Cloud Services,2,482.79,0.0,965.58,337.95,627.63,True
ORD-10133,2024-02-09,CUST-301,EMEA,Digital Self-Service,Enterprise Software,1,2778.91,5.0,2778.91,694.73,2084.18,True
ORD-10134,2024-02-29,CUST-341,EMEA,Digital Self-Service,Enterprise Software,3,1825.27,10.0,5475.81,1368.95,4106.86,True
ORD-10135,2024-02-10,CUST-293,LATAM,Inside Sales,Professional Consulting,1,4809.99,25.0,4809.99,2645.49,2164.5,True
ORD-10136,2024-02-25,CUST-167,EMEA,Inside Sales,Cloud Services,1,589.64,0.0,589.64,206.37,383.27,True
ORD-10137,2024-03-25,CUST-340,North America,Partner / Reseller,Cloud Services,3,1627.58,5.0,4882.74,1708.96,3173.78,True
ORD-10138,2024-03-21,CUST-156,EMEA,Inside Sales,Hardware & Peripherals,3,739.48,15.0,2218.44,1597.28,621.16,True
ORD-10139,2024-03-11,CUST-109,North America,Inside Sales,Cloud Services,1,645.02,0.0,645.02,225.76,419.26,True
ORD-10140,2024-03-09,CUST-271,LATAM,Inside Sales,Hardware & Peripherals,1,292.45,5.0,292.45,210.56,81.89,True
ORD-10141,2024-03-25,CUST-225,EMEA,Digital Self-Service,Enterprise Software,1,2776.56,0.0,2776.56,694.14,2082.42,True
ORD-10142,2024-03-13,CUST-192,North America,Digital Self-Service,Enterprise Software,1,2889.84,5.0,2889.84,722.46,2167.38,True
ORD-10143,2024-03-22,CUST-131,LATAM,Inside Sales,Enterprise Software,1,2712.93,0.0,2712.93,678.23,2034.7,True
ORD-10144,2024-03-08,CUST-301,North America,Partner / Reseller,Cloud Services,1,1654.01,10.0,1654.01,578.9,1075.11,True
ORD-10145,2024-03-08,CUST-155,APAC,Partner / Reseller,Enterprise Software,1,4107.6,0.0,4107.6,1026.9,3080.7,True
ORD-10146,2024-03-06,CUST-137,LATAM,Digital Self-Service,Professional Consulting,1,5575.89,10.0,5575.89,3066.74,2509.15,True
ORD-10147,2024-03-05,CUST-302,APAC,Digital Self-Service,Cloud Services,1,454.14,0.0,454.14,158.95,295.19,True
ORD-10148,2024-03-10,CUST-290,North America,Inside Sales,Enterprise Software,1,4018.53,10.0,4018.53,1004.63,3013.9,True
ORD-10149,2024-03-18,CUST-257,North America,Digital Self-Service,Cloud Services,1,1349.21,5.0,1349.21,472.22,876.99,True
ORD-10150,2024-03-02,CUST-275,North America,Inside Sales,Enterprise Software,1,3020.13,0.0,3020.13,755.03,2265.1,True
ORD-10151,2024-03-04,CUST-259,EMEA,Digital Self-Service,Enterprise Software,1,1763.67,0.0,1763.67,440.92,1322.75,True
ORD-10152,2024-03-21,CUST-125,APAC,Direct Sales,Cloud Services,2,1352.8,15.0,2705.6,946.96,1758.64,True
ORD-10153,2024-03-22,CUST-210,EMEA,Partner / Reseller,Professional Consulting,3,5308.01,5.0,15924.03,8758.22,7165.81,True
ORD-10154,2024-03-28,CUST-209,North America,Digital Self-Service,Cloud Services,1,1273.58,0.0,1273.58,445.75,827.83,True
ORD-10155,2024-03-06,CUST-121,North America,Direct Sales,Cloud Services,1,1395.96,10.0,1395.96,488.59,907.37,True
ORD-10156,2024-03-13,CUST-243,EMEA,Direct Sales,Professional Consulting,2,5338.22,5.0,10676.44,5872.04,4804.4,True
ORD-10157,2024-03-29,CUST-284,North America,Digital Self-Service,Cloud Services,3,1975.6,5.0,5926.8,2074.38,3852.42,True
ORD-10158,2024-03-13,CUST-223,North America,Direct Sales,Enterprise Software,1,3128.17,0.0,3128.17,782.04,2346.13,True
ORD-10159,2024-03-19,CUST-306,North America,Direct Sales,Enterprise Software,2,4097.9,5.0,8195.8,2048.95,6146.85,True
ORD-10160,2024-03-23,CUST-279,APAC,Digital Self-Service,Professional Consulting,1,3604.69,0.0,3604.69,1982.58,1622.11,True
ORD-10161,2024-03-07,CUST-136,APAC,Direct Sales,Professional Consulting,1,5397.93,0.0,5397.93,2968.86,2429.07,True
ORD-10162,2024-03-18,CUST-194,North America,Digital Self-Service,Enterprise Software,1,2795.36,10.0,2795.36,698.84,2096.52,True
ORD-10163,2024-03-20,CUST-293,EMEA,Direct Sales,Cloud Services,1,2255.02,0.0,2255.02,789.26,1465.76,True
ORD-10164,2024-03-23,CUST-155,APAC,Direct Sales,Cloud Services,1,1674.86,0.0,1674.86,586.2,1088.66,True
ORD-10165,2024-03-05,CUST-270,North America,Partner / Reseller,Enterprise Software,1,3778.25,0.0,3778.25,944.56,2833.69,True
ORD-10166,2024-03-21,CUST-296,North America,Digital Self-Service,Enterprise Software,5,1976.81,0.0,9884.05,2471.01,7413.04,True
ORD-10167,2024-03-05,CUST-197,EMEA,Partner / Reseller,Enterprise Software,1,4038.65,5.0,4038.65,1009.66,3028.99,True
ORD-10168,2024-03-28,CUST-289,North America,Direct Sales,Cloud Services,1,1143.75,5.0,1143.75,400.31,743.44,True
ORD-10169,2024-03-04,CUST-281,EMEA,Digital Self-Service,Professional Consulting,2,5454.55,0.0,10909.1,6000.01,4909.09,True
ORD-10170,2024-03-02,CUST-217,APAC,Digital Self-Service,Hardware & Peripherals,5,330.47,0.0,1652.35,1189.69,462.66,True
ORD-10171,2024-03-29,CUST-120,North America,Digital Self-Service,Enterprise Software,1,2855.57,10.0,2855.57,713.89,2141.68,True
ORD-10172,2024-03-09,CUST-129,EMEA,Partner / Reseller,Enterprise Software,1,1838.9,15.0,1838.9,459.73,1379.17,True
ORD-10173,2024-03-13,CUST-137,North America,Partner / Reseller,Enterprise Software,2,4841.25,0.0,9682.5,2420.62,7261.88,True
ORD-10174,2024-03-07,CUST-145,LATAM,Inside Sales,Cloud Services,2,1996.45,5.0,3992.9,1397.51,2595.39,True
ORD-10175,2024-03-20,CUST-244,EMEA,Digital Self-Service,Professional Consulting,5,4693.43,15.0,23467.15,12906.93,10560.22,True
ORD-10176,2024-03-22,CUST-261,North America,Digital Self-Service,Enterprise Software,1,2871.1,5.0,2871.1,717.77,2153.33,True
ORD-10177,2024-03-13,CUST-114,North America,Digital Self-Service,Cloud Services,1,1051.86,0.0,1051.86,368.15,683.71,True
ORD-10178,2024-03-29,CUST-198,EMEA,Direct Sales,Hardware & Peripherals,2,244.81,5.0,489.62,352.53,137.09,True
ORD-10179,2024-03-27,CUST-228,North America,Direct Sales,Cloud Services,2,795.3,5.0,1590.6,556.71,1033.89,True
ORD-10180,2024-03-27,CUST-229,EMEA,Direct Sales,Hardware & Peripherals,2,510.61,0.0,1021.22,735.28,285.94,True
ORD-10181,2024-03-16,CUST-193,North America,Digital Self-Service,Hardware & Peripherals,2,700.27,0.0,1400.54,1008.39,392.15,True
ORD-10182,2024-03-26,CUST-265,North America,Digital Self-Service,Enterprise Software,2,3471.97,0.0,6943.94,1735.98,5207.96,True
ORD-10183,2024-03-23,CUST-346,APAC,Partner / Reseller,Enterprise Software,3,2157.58,0.0,6472.74,1618.18,4854.56,True
ORD-10184,2024-03-20,CUST-267,EMEA,Inside Sales,Cloud Services,1,2325.17,0.0,2325.17,813.81,1511.36,True
ORD-10185,2024-03-24,CUST-302,North America,Partner / Reseller,Hardware & Peripherals,1,475.06,5.0,475.06,342.04,133.02,True
ORD-10186,2024-03-28,CUST-123,EMEA,Inside Sales,Hardware & Peripherals,3,1197.02,5.0,3591.06,2585.56,1005.5,True
ORD-10187,2024-03-02,CUST-342,APAC,Partner / Reseller,Enterprise Software,1,1885.0,0.0,1885.0,471.25,1413.75,True
ORD-10188,2024-03-06,CUST-229,APAC,Direct Sales,Enterprise Software,2,2324.01,5.0,4648.02,1162.01,3486.01,True
ORD-10189,2024-03-30,CUST-141,North America,Partner / Reseller,Professional Consulting,1,2786.29,10.0,2786.29,1532.46,1253.83,True
ORD-10190,2024-03-03,CUST-213,EMEA,Inside Sales,Cloud Services,1,1820.36,0.0,1820.36,637.13,1183.23,True
ORD-10191,2024-03-09,CUST-313,North America,Inside Sales,Enterprise Software,1,4272.77,5.0,4272.77,1068.19,3204.58,True
ORD-10192,2024-03-11,CUST-141,APAC,Partner / Reseller,Professional Consulting,1,5017.44,15.0,5017.44,2759.59,2257.85,True
ORD-10193,2024-03-03,CUST-126,EMEA,Direct Sales,Cloud Services,2,2235.65,0.0,4471.3,1564.95,2906.35,True
ORD-10194,2024-03-26,CUST-312,North America,Partner / Reseller,Enterprise Software,1,2907.41,10.0,2907.41,726.85,2180.56,True
ORD-10195,2024-03-30,CUST-228,North America,Inside Sales,Enterprise Software,1,1301.35,25.0,1301.35,325.34,976.01,True
ORD-10196,2024-03-13,CUST-282,EMEA,Partner / Reseller,Enterprise Software,1,2411.0,0.0,2411.0,602.75,1808.25,True
ORD-10197,2024-03-11,CUST-294,EMEA,Inside Sales,Hardware & Peripherals,3,646.08,5.0,1938.24,1395.53,542.71,True
ORD-10198,2024-03-30,CUST-240,LATAM,Inside Sales,Enterprise Software,3,2172.51,0.0,6517.53,1629.38,4888.15,True
ORD-10199,2024-03-11,CUST-263,APAC,Inside Sales,Enterprise Software,1,1663.02,0.0,1663.02,415.75,1247.27,True
ORD-10200,2024-03-28,CUST-231,EMEA,Partner / Reseller,Hardware & Peripherals,1,776.58,0.0,776.58,559.14,217.44,True
ORD-10201,2024-03-02,CUST-270,EMEA,Digital Self-Service,Cloud Services,1,905.18,0.0,905.18,316.81,588.37,True
ORD-10202,2024-03-18,CUST-105,North America,Inside Sales,Cloud Services,1,2051.47,0.0,2051.47,718.01,1333.46,True
ORD-10203,2024-03-14,CUST-301,North America,Partner / Reseller,Hardware & Peripherals,1,416.33,10.0,416.33,299.76,116.57,True
ORD-10204,2024-03-22,CUST-134,North America,Digital Self-Service,Enterprise Software,2,3411.23,10.0,6822.46,1705.62,5116.84,True
ORD-10205,2024-03-07,CUST-222,EMEA,Partner / Reseller,Professional Consulting,10,6108.1,0.0,61081.0,33594.55,27486.45,True
ORD-10206,2024-03-26,CUST-302,North America,Direct Sales,Hardware & Peripherals,1,188.83,0.0,188.83,135.96,52.87,True
ORD-10207,2024-03-11,CUST-164,North America,Partner / Reseller,Cloud Services,1,2477.16,0.0,2477.16,867.01,1610.15,True
ORD-10208,2024-03-29,CUST-131,APAC,Inside Sales,Professional Consulting,1,7194.79,15.0,7194.79,3957.13,3237.66,True
ORD-10209,2024-03-25,CUST-147,EMEA,Inside Sales,Cloud Services,1,2408.61,0.0,2408.61,843.01,1565.6,True
ORD-10210,2024-03-27,CUST-120,North America,Partner / Reseller,Cloud Services,2,2082.41,5.0,4164.82,1457.69,2707.13,True
ORD-10211,2024-03-12,CUST-214,EMEA,Inside Sales,Enterprise Software,1,2446.1,0.0,2446.1,611.52,1834.58,True
ORD-10212,2024-03-16,CUST-190,EMEA,Inside Sales,Enterprise Software,3,1360.95,0.0,4082.85,1020.71,3062.14,True
ORD-10213,2024-03-27,CUST-193,EMEA,Partner / Reseller,Hardware & Peripherals,2,228.79,25.0,457.58,329.46,128.12,True
ORD-10214,2024-03-06,CUST-132,North America,Digital Self-Service,Professional Consulting,1,6068.53,0.0,6068.53,3337.69,2730.84,True
ORD-10215,2024-03-20,CUST-194,North America,Direct Sales,Enterprise Software,1,1783.07,5.0,1783.07,445.77,1337.3,True
ORD-10216,2024-03-18,CUST-345,North America,Partner / Reseller,Enterprise Software,1,2394.66,5.0,2394.66,598.66,1796.0,True
ORD-10217,2024-03-14,CUST-280,North America,Digital Self-Service,Hardware & Peripherals,2,273.65,5.0,547.3,394.06,153.24,True
ORD-10218,2024-03-17,CUST-144,APAC,Inside Sales,Enterprise Software,1,1715.77,25.0,1715.77,428.94,1286.83,True
ORD-10219,2024-03-27,CUST-188,EMEA,Digital Self-Service,Cloud Services,1,2175.59,15.0,2175.59,761.46,1414.13,True
ORD-10220,2024-03-29,CUST-144,APAC,Partner / Reseller,Enterprise Software,2,3896.34,0.0,7792.68,1948.17,5844.51,True
ORD-10221,2024-03-08,CUST-192,EMEA,Digital Self-Service,Professional Consulting,1,3420.42,5.0,3420.42,1881.23,1539.19,True
ORD-10222,2024-03-19,CUST-201,LATAM,Inside Sales,Enterprise Software,1,4560.14,5.0,4560.14,1140.04,3420.1,True
ORD-10223,2024-04-25,CUST-181,EMEA,Inside Sales,Cloud Services,1,1607.29,5.0,1607.29,562.55,1044.74,True
ORD-10224,2024-04-17,CUST-263,EMEA,Partner / Reseller,Enterprise Software,2,4536.25,5.0,9072.5,2268.12,6804.38,True
ORD-10225,2024-04-30,CUST-177,North America,Digital Self-Service,Professional Consulting,1,6988.34,15.0,6988.34,3843.59,3144.75,True
ORD-10226,2024-04-08,CUST-316,North America,Partner / Reseller,Enterprise Software,3,4775.44,5.0,14326.32,3581.58,10744.74,True
ORD-10227,2024-04-18,CUST-123,EMEA,Partner / Reseller,Enterprise Software,2,3575.08,5.0,7150.16,1787.54,5362.62,True
ORD-10228,2024-04-19,CUST-254,North America,Direct Sales,Enterprise Software,2,3703.18,10.0,7406.36,1851.59,5554.77,True
ORD-10229,2024-04-01,CUST-167,EMEA,Inside Sales,Enterprise Software,2,4804.48,5.0,9608.96,2402.24,7206.72,True
ORD-10230,2024-04-01,CUST-344,North America,Partner / Reseller,Cloud Services,1,1717.04,10.0,1717.04,600.96,1116.08,True
ORD-10231,2024-04-22,CUST-140,North America,Inside Sales,Cloud Services,2,1352.44,5.0,2704.88,946.71,1758.17,True
ORD-10232,2024-04-11,CUST-287,LATAM,Digital Self-Service,Cloud Services,2,1056.42,25.0,2112.84,739.49,1373.35,True
ORD-10233,2024-04-05,CUST-161,EMEA,Digital Self-Service,Professional Consulting,1,5089.88,5.0,5089.88,2799.43,2290.45,True
ORD-10234,2024-04-05,CUST-257,North America,Partner / Reseller,Enterprise Software,1,2302.81,10.0,2302.81,575.7,1727.11,True
ORD-10235,2024-04-30,CUST-227,LATAM,Inside Sales,Cloud Services,2,1056.7,5.0,2113.4,739.69,1373.71,True
ORD-10236,2024-04-10,CUST-217,LATAM,Partner / Reseller,Cloud Services,1,589.1,5.0,589.1,206.19,382.91,True
ORD-10237,2024-04-02,CUST-267,EMEA,Digital Self-Service,Enterprise Software,3,3080.6,5.0,9241.8,2310.45,6931.35,True
ORD-10238,2024-04-28,CUST-193,APAC,Digital Self-Service,Enterprise Software,1,1708.95,0.0,1708.95,427.24,1281.71,True
ORD-10239,2024-04-02,CUST-118,North America,Inside Sales,Cloud Services,2,808.78,10.0,1617.56,566.15,1051.41,True
ORD-10240,2024-04-09,CUST-132,LATAM,Inside Sales,Professional Consulting,2,5739.45,0.0,11478.9,6313.4,5165.5,True
ORD-10241,2024-04-11,CUST-254,EMEA,Direct Sales,Cloud Services,1,1167.77,0.0,1167.77,408.72,759.05,True
ORD-10242,2024-04-05,CUST-138,EMEA,Partner / Reseller,Professional Consulting,1,6823.8,0.0,6823.8,3753.09,3070.71,True
ORD-10243,2024-04-20,CUST-315,North America,Digital Self-Service,Enterprise Software,2,2693.23,5.0,5386.46,1346.62,4039.84,True
ORD-10244,2024-04-17,CUST-308,North America,Digital Self-Service,Cloud Services,1,1888.35,5.0,1888.35,660.92,1227.43,True
ORD-10245,2024-04-14,CUST-276,EMEA,Inside Sales,Cloud Services,2,2073.19,0.0,4146.38,1451.23,2695.15,True
ORD-10246,2024-04-21,CUST-284,North America,Inside Sales,Professional Consulting,2,6656.97,0.0,13313.94,7322.67,5991.27,True
ORD-10247,2024-04-21,CUST-310,EMEA,Direct Sales,Professional Consulting,1,6647.64,5.0,6647.64,3656.2,2991.44,True
ORD-10248,2024-04-23,CUST-138,North America,Partner / Reseller,Enterprise Software,1,1271.96,5.0,1271.96,317.99,953.97,True
ORD-10249,2024-04-25,CUST-286,North America,Partner / Reseller,Cloud Services,3,1390.37,5.0,4171.11,1459.89,2711.22,True
ORD-10250,2024-04-18,CUST-180,LATAM,Inside Sales,Enterprise Software,1,3716.46,15.0,3716.46,929.12,2787.34,True
ORD-10251,2024-04-11,CUST-274,EMEA,Digital Self-Service,Cloud Services,3,1819.32,5.0,5457.96,1910.29,3547.67,True
ORD-10252,2024-04-07,CUST-341,LATAM,Digital Self-Service,Hardware & Peripherals,1,442.96,10.0,442.96,318.93,124.03,True
ORD-10253,2024-04-23,CUST-189,EMEA,Digital Self-Service,Enterprise Software,1,3878.96,0.0,3878.96,969.74,2909.22,True
ORD-10254,2024-04-19,CUST-309,North America,Partner / Reseller,Cloud Services,10,1197.36,0.0,11973.6,4190.76,7782.84,True
ORD-10255,2024-04-10,CUST-267,North America,Inside Sales,Hardware & Peripherals,5,232.98,0.0,1164.9,838.73,326.17,True
ORD-10256,2024-04-27,CUST-135,North America,Partner / Reseller,Cloud Services,2,2359.35,0.0,4718.7,1651.54,3067.16,True
ORD-10257,2024-04-22,CUST-125,North America,Inside Sales,Hardware & Peripherals,1,386.96,0.0,386.96,278.61,108.35,True
ORD-10258,2024-04-25,CUST-140,North America,Inside Sales,Enterprise Software,10,4865.17,5.0,48651.7,12162.92,36488.78,True
ORD-10259,2024-04-07,CUST-115,APAC,Direct Sales,Professional Consulting,1,3723.47,5.0,3723.47,2047.91,1675.56,True
ORD-10260,2024-04-08,CUST-333,LATAM,Inside Sales,Cloud Services,5,1918.55,15.0,9592.75,3357.46,6235.29,True
ORD-10261,2024-04-06,CUST-301,EMEA,Digital Self-Service,Hardware & Peripherals,3,188.16,15.0,564.48,406.43,158.05,True
ORD-10262,2024-04-01,CUST-185,North America,Inside Sales,Enterprise Software,5,3490.58,15.0,17452.9,4363.23,13089.67,True
ORD-10263,2024-04-05,CUST-128,North America,Inside Sales,Professional Consulting,1,4808.12,5.0,4808.12,2644.47,2163.65,True
ORD-10264,2024-04-23,CUST-245,EMEA,Partner / Reseller,Enterprise Software,2,3999.15,0.0,7998.3,1999.58,5998.72,True
ORD-10265,2024-04-28,CUST-183,North America,Direct Sales,Cloud Services,1,1251.53,0.0,1251.53,438.04,813.49,True
ORD-10266,2024-04-05,CUST-198,North America,Digital Self-Service,Cloud Services,1,2365.23,25.0,2365.23,827.83,1537.4,True
ORD-10267,2024-04-10,CUST-192,EMEA,Direct Sales,Cloud Services,1,1603.04,5.0,1603.04,561.06,1041.98,True
ORD-10268,2024-04-15,CUST-329,APAC,Digital Self-Service,Enterprise Software,1,2740.58,5.0,2740.58,685.14,2055.44,True
ORD-10269,2024-04-21,CUST-156,LATAM,Inside Sales,Hardware & Peripherals,2,459.79,0.0,919.58,662.1,257.48,True
ORD-10270,2024-04-24,CUST-333,EMEA,Partner / Reseller,Hardware & Peripherals,2,542.31,10.0,1084.62,780.93,303.69,True
ORD-10271,2024-04-22,CUST-214,EMEA,Digital Self-Service,Professional Consulting,1,7238.81,0.0,7238.81,3981.35,3257.46,True
ORD-10272,2024-04-19,CUST-151,EMEA,Partner / Reseller,Enterprise Software,3,4349.34,0.0,13048.02,3262.01,9786.01,True
ORD-10273,2024-04-28,CUST-249,EMEA,Inside Sales,Cloud Services,1,644.1,10.0,644.1,225.44,418.66,True
ORD-10274,2024-04-15,CUST-243,EMEA,Digital Self-Service,Enterprise Software,2,2778.61,10.0,5557.22,1389.31,4167.91,True
ORD-10275,2024-04-13,CUST-118,North America,Digital Self-Service,Enterprise Software,1,1211.46,10.0,1211.46,302.87,908.59,True
ORD-10276,2024-04-18,CUST-339,EMEA,Digital Self-Service,Hardware & Peripherals,1,1131.31,5.0,1131.31,814.54,316.77,True
ORD-10277,2024-04-25,CUST-346,North America,Inside Sales,Enterprise Software,2,3637.8,5.0,7275.6,1818.9,5456.7,True
ORD-10278,2024-04-30,CUST-269,APAC,Partner / Reseller,Hardware & Peripherals,2,544.43,5.0,1088.86,783.98,304.88,True
ORD-10279,2024-04-12,CUST-132,EMEA,Partner / Reseller,Enterprise Software,1,4972.82,10.0,4972.82,1243.2,3729.62,True
ORD-10280,2024-04-25,CUST-239,North America,Inside Sales,Enterprise Software,2,2333.78,10.0,4667.56,1166.89,3500.67,True
ORD-10281,2024-04-08,CUST-324,EMEA,Direct Sales,Cloud Services,1,725.75,0.0,725.75,254.01,471.74,True
ORD-10282,2024-04-22,CUST-104,North America,Direct Sales,Cloud Services,3,2008.71,0.0,6026.13,2109.15,3916.98,True
ORD-10283,2024-04-02,CUST-162,APAC,Inside Sales,Cloud Services,3,1811.25,5.0,5433.75,1901.81,3531.94,True
ORD-10284,2024-04-18,CUST-228,LATAM,Partner / Reseller,Enterprise Software,1,4482.17,10.0,4482.17,1120.54,3361.63,True
ORD-10285,2024-04-24,CUST-309,North America,Digital Self-Service,Cloud Services,2,1612.7,15.0,3225.4,1128.89,2096.51,True
ORD-10286,2024-04-22,CUST-242,LATAM,Partner / Reseller,Cloud Services,1,1268.48,5.0,1268.48,443.97,824.51,True
ORD-10287,2024-04-14,CUST-264,EMEA,Digital Self-Service,Cloud Services,1,498.46,5.0,498.46,174.46,324.0,True
ORD-10288,2024-04-14,CUST-221,North America,Partner / Reseller,Enterprise Software,2,2630.55,0.0,5261.1,1315.28,3945.82,True
ORD-10289,2024-04-23,CUST-205,LATAM,Partner / Reseller,Enterprise Software,1,2959.5,0.0,2959.5,739.88,2219.62,True
ORD-10290,2024-04-09,CUST-316,North America,Partner / Reseller,Enterprise Software,5,3657.48,0.0,18287.4,4571.85,13715.55,True
ORD-10291,2024-04-13,CUST-148,APAC,Partner / Reseller,Cloud Services,3,1666.14,5.0,4998.42,1749.45,3248.97,True
ORD-10292,2024-04-28,CUST-154,LATAM,Direct Sales,Hardware & Peripherals,3,468.35,10.0,1405.05,1011.64,393.41,True
ORD-10293,2024-04-25,CUST-152,North America,Partner / Reseller,Cloud Services,2,909.45,5.0,1818.9,636.62,1182.28,True
ORD-10294,2024-04-25,CUST-178,North America,Inside Sales,Enterprise Software,2,2971.75,5.0,5943.5,1485.88,4457.62,True
ORD-10295,2024-04-26,CUST-334,North America,Digital Self-Service,Hardware & Peripherals,3,642.96,5.0,1928.88,1388.79,540.09,True
ORD-10296,2024-04-19,CUST-241,LATAM,Inside Sales,Professional Consulting,1,6447.51,0.0,6447.51,3546.13,2901.38,True
ORD-10297,2024-04-07,CUST-227,EMEA,Digital Self-Service,Enterprise Software,3,2643.39,0.0,7930.17,1982.54,5947.63,True
ORD-10298,2024-04-27,CUST-217,North America,Digital Self-Service,Cloud Services,2,1919.47,0.0,3838.94,1343.63,2495.31,True
ORD-10299,2024-04-24,CUST-264,LATAM,Direct Sales,Cloud Services,3,786.5,10.0,2359.5,825.82,1533.68,True
ORD-10300,2024-04-03,CUST-205,North America,Partner / Reseller,Hardware & Peripherals,2,851.63,0.0,1703.26,1226.35,476.91,True
ORD-10301,2024-04-05,CUST-258,EMEA,Inside Sales,Enterprise Software,1,3121.79,5.0,3121.79,780.45,2341.34,True
ORD-10302,2024-04-01,CUST-235,EMEA,Digital Self-Service,Enterprise Software,1,3296.25,0.0,3296.25,824.06,2472.19,True
ORD-10303,2024-04-27,CUST-145,North America,Direct Sales,Cloud Services,5,1304.2,5.0,6521.0,2282.35,4238.65,True
ORD-10304,2024-04-08,CUST-168,APAC,Direct Sales,Enterprise Software,3,3200.53,0.0,9601.59,2400.4,7201.19,True
ORD-10305,2024-04-13,CUST-176,EMEA,Direct Sales,Cloud Services,2,910.74,5.0,1821.48,637.52,1183.96,True
ORD-10306,2024-04-28,CUST-196,EMEA,Direct Sales,Cloud Services,1,466.54,5.0,466.54,163.29,303.25,True
ORD-10307,2024-04-23,CUST-300,North America,Direct Sales,Enterprise Software,1,3099.46,15.0,3099.46,774.87,2324.59,True
ORD-10308,2024-04-30,CUST-327,EMEA,Digital Self-Service,Enterprise Software,3,2003.38,0.0,6010.14,1502.54,4507.6,True
ORD-10309,2024-04-03,CUST-268,North America,Digital Self-Service,Cloud Services,1,988.78,0.0,988.78,346.07,642.71,True
ORD-10310,2024-05-08,CUST-201,LATAM,Digital Self-Service,Cloud Services,2,1979.73,0.0,3959.46,1385.81,2573.65,True
ORD-10311,2024-05-09,CUST-238,North America,Partner / Reseller,Cloud Services,2,2183.83,10.0,4367.66,1528.68,2838.98,True
ORD-10312,2024-05-24,CUST-113,North America,Partner / Reseller,Professional Consulting,10,5004.76,10.0,50047.6,27526.18,22521.42,True
ORD-10313,2024-05-12,CUST-348,APAC,Direct Sales,Cloud Services,2,1689.12,5.0,3378.24,1182.38,2195.86,True
ORD-10314,2024-05-27,CUST-340,North America,Partner / Reseller,Hardware & Peripherals,1,665.13,5.0,665.13,478.89,186.24,True
ORD-10315,2024-05-23,CUST-163,EMEA,Direct Sales,Enterprise Software,1,4134.24,0.0,4134.24,1033.56,3100.68,True
ORD-10316,2024-05-14,CUST-181,North America,Direct Sales,Professional Consulting,2,5803.41,0.0,11606.82,6383.75,5223.07,True
ORD-10317,2024-05-11,CUST-122,North America,Inside Sales,Cloud Services,1,1998.83,5.0,1998.83,699.59,1299.24,True
ORD-10318,2024-05-18,CUST-123,EMEA,Digital Self-Service,Cloud Services,1,455.15,15.0,455.15,159.3,295.85,True
ORD-10319,2024-05-02,CUST-330,EMEA,Partner / Reseller,Enterprise Software,1,2673.64,5.0,2673.64,668.41,2005.23,True
ORD-10320,2024-05-07,CUST-168,EMEA,Direct Sales,Cloud Services,1,755.95,0.0,755.95,264.58,491.37,True
ORD-10321,2024-05-10,CUST-164,LATAM,Inside Sales,Cloud Services,1,1416.89,5.0,1416.89,495.91,920.98,True
ORD-10322,2024-05-08,CUST-201,North America,Inside Sales,Cloud Services,1,684.53,10.0,684.53,239.59,444.94,True
ORD-10323,2024-05-12,CUST-266,LATAM,Partner / Reseller,Cloud Services,3,1304.29,0.0,3912.87,1369.5,2543.37,True
ORD-10324,2024-05-21,CUST-346,North America,Digital Self-Service,Hardware & Peripherals,1,360.89,0.0,360.89,259.84,101.05,True
ORD-10325,2024-05-24,CUST-183,North America,Inside Sales,Cloud Services,2,2432.3,0.0,4864.6,1702.61,3161.99,True
ORD-10326,2024-05-31,CUST-274,APAC,Direct Sales,Cloud Services,1,1643.68,25.0,1643.68,575.29,1068.39,True
ORD-10327,2024-05-16,CUST-312,EMEA,Inside Sales,Hardware & Peripherals,2,370.13,5.0,740.26,532.99,207.27,True
ORD-10328,2024-05-06,CUST-283,North America,Inside Sales,Cloud Services,2,908.24,0.0,1816.48,635.77,1180.71,True
ORD-10329,2024-05-21,CUST-335,APAC,Inside Sales,Cloud Services,1,1241.69,5.0,1241.69,434.59,807.1,True
ORD-10330,2024-05-27,CUST-252,EMEA,Direct Sales,Hardware & Peripherals,3,886.72,0.0,2660.16,1915.32,744.84,True
ORD-10331,2024-05-09,CUST-111,EMEA,Inside Sales,Cloud Services,2,1145.52,25.0,2291.04,801.86,1489.18,True
ORD-10332,2024-05-12,CUST-166,North America,Partner / Reseller,Hardware & Peripherals,1,601.98,5.0,601.98,433.43,168.55,True
ORD-10333,2024-05-14,CUST-138,North America,Direct Sales,Cloud Services,2,1827.07,5.0,3654.14,1278.95,2375.19,True
ORD-10334,2024-05-11,CUST-340,APAC,Digital Self-Service,Cloud Services,1,2419.63,0.0,2419.63,846.87,1572.76,True
ORD-10335,2024-05-16,CUST-124,North America,Inside Sales,Professional Consulting,1,5126.69,0.0,5126.69,2819.68,2307.01,True
ORD-10336,2024-05-11,CUST-187,EMEA,Partner / Reseller,Enterprise Software,1,3900.96,15.0,3900.96,975.24,2925.72,True
ORD-10337,2024-05-25,CUST-243,North America,Inside Sales,Enterprise Software,1,1862.92,0.0,1862.92,465.73,1397.19,True
ORD-10338,2024-05-14,CUST-201,North America,Partner / Reseller,Cloud Services,2,791.41,5.0,1582.82,553.99,1028.83,True
ORD-10339,2024-05-15,CUST-292,EMEA,Direct Sales,Enterprise Software,1,3878.0,5.0,3878.0,969.5,2908.5,True
ORD-10340,2024-05-27,CUST-217,North America,Inside Sales,Professional Consulting,1,3121.76,5.0,3121.76,1716.97,1404.79,True
ORD-10341,2024-05-22,CUST-129,North America,Inside Sales,Enterprise Software,1,2676.83,5.0,2676.83,669.21,2007.62,True
ORD-10342,2024-05-28,CUST-251,North America,Partner / Reseller,Cloud Services,3,2081.29,0.0,6243.87,2185.35,4058.52,True
ORD-10343,2024-05-09,CUST-230,North America,Partner / Reseller,Enterprise Software,2,1895.57,5.0,3791.14,947.78,2843.36,True
ORD-10344,2024-05-15,CUST-265,LATAM,Partner / Reseller,Enterprise Software,2,3614.91,5.0,7229.82,1807.45,5422.37,True
ORD-10345,2024-05-17,CUST-258,North America,Digital Self-Service,Enterprise Software,3,1910.97,25.0,5732.91,1433.23,4299.68,True
ORD-10346,2024-05-17,CUST-229,EMEA,Inside Sales,Enterprise Software,5,4297.82,5.0,21489.1,5372.27,16116.83,True
ORD-10347,2024-05-15,CUST-244,North America,Partner / Reseller,Professional Consulting,1,4663.11,0.0,4663.11,2564.71,2098.4,True
ORD-10348,2024-05-10,CUST-244,APAC,Inside Sales,Enterprise Software,2,2296.95,5.0,4593.9,1148.47,3445.43,True
ORD-10349,2024-05-05,CUST-193,EMEA,Direct Sales,Cloud Services,1,962.57,10.0,962.57,336.9,625.67,True
ORD-10350,2024-05-16,CUST-312,EMEA,Partner / Reseller,Cloud Services,1,2478.53,0.0,2478.53,867.49,1611.04,True
ORD-10351,2024-05-03,CUST-212,APAC,Direct Sales,Cloud Services,3,1132.01,10.0,3396.03,1188.61,2207.42,True
ORD-10352,2024-05-09,CUST-320,EMEA,Inside Sales,Enterprise Software,2,4002.93,0.0,8005.86,2001.46,6004.4,True
ORD-10353,2024-05-06,CUST-245,North America,Digital Self-Service,Professional Consulting,3,6881.18,5.0,20643.54,11353.95,9289.59,True
ORD-10354,2024-05-07,CUST-168,LATAM,Direct Sales,Enterprise Software,1,3875.4,0.0,3875.4,968.85,2906.55,True
ORD-10355,2024-05-26,CUST-321,EMEA,Partner / Reseller,Professional Consulting,10,7512.61,0.0,75126.1,41319.36,33806.74,True
ORD-10356,2024-05-24,CUST-200,EMEA,Digital Self-Service,Enterprise Software,3,2140.71,5.0,6422.13,1605.53,4816.6,True
ORD-10357,2024-05-14,CUST-123,North America,Digital Self-Service,Cloud Services,3,1730.62,5.0,5191.86,1817.15,3374.71,True
ORD-10358,2024-05-30,CUST-100,APAC,Direct Sales,Enterprise Software,1,4810.97,10.0,4810.97,1202.74,3608.23,True
ORD-10359,2024-05-16,CUST-303,EMEA,Partner / Reseller,Cloud Services,3,1864.31,25.0,5592.93,1957.53,3635.4,True
ORD-10360,2024-05-28,CUST-186,EMEA,Partner / Reseller,Enterprise Software,3,2220.44,5.0,6661.32,1665.33,4995.99,True
ORD-10361,2024-05-17,CUST-111,North America,Inside Sales,Professional Consulting,2,7364.93,0.0,14729.86,8101.42,6628.44,True
ORD-10362,2024-05-31,CUST-345,North America,Partner / Reseller,Professional Consulting,1,4647.72,15.0,4647.72,2556.25,2091.47,True
ORD-10363,2024-05-11,CUST-267,North America,Direct Sales,Enterprise Software,1,4744.36,0.0,4744.36,1186.09,3558.27,True
ORD-10364,2024-05-30,CUST-285,EMEA,Partner / Reseller,Cloud Services,2,508.75,5.0,1017.5,356.12,661.38,True
ORD-10365,2024-05-04,CUST-133,EMEA,Inside Sales,Professional Consulting,1,2006.52,0.0,2006.52,1103.59,902.93,True
ORD-10366,2024-05-24,CUST-277,North America,Direct Sales,Enterprise Software,3,1658.26,0.0,4974.78,1243.69,3731.09,True
ORD-10367,2024-05-04,CUST-325,North America,Inside Sales,Professional Consulting,1,2614.56,10.0,2614.56,1438.01,1176.55,True
ORD-10368,2024-05-26,CUST-117,EMEA,Direct Sales,Professional Consulting,2,5849.46,5.0,11698.92,6434.41,5264.51,True
ORD-10369,2024-05-07,CUST-138,LATAM,Inside Sales,Cloud Services,2,1917.11,15.0,3834.22,1341.98,2492.24,True
ORD-10370,2024-05-04,CUST-286,North America,Inside Sales,Hardware & Peripherals,1,297.01,0.0,297.01,213.85,83.16,True
ORD-10371,2024-05-06,CUST-253,EMEA,Digital Self-Service,Enterprise Software,1,3649.56,10.0,3649.56,912.39,2737.17,True
ORD-10372,2024-05-24,CUST-152,EMEA,Partner / Reseller,Enterprise Software,3,4418.87,10.0,13256.61,3314.15,9942.46,True
ORD-10373,2024-05-11,CUST-161,EMEA,Direct Sales,Cloud Services,2,2045.98,0.0,4091.96,1432.19,2659.77,True
ORD-10374,2024-05-22,CUST-192,LATAM,Partner / Reseller,Cloud Services,10,1509.4,0.0,15094.0,5282.9,9811.1,True
ORD-10375,2024-05-28,CUST-295,EMEA,Direct Sales,Cloud Services,2,1167.37,0.0,2334.74,817.16,1517.58,True
ORD-10376,2024-05-04,CUST-342,APAC,Digital Self-Service,Enterprise Software,5,2019.82,5.0,10099.1,2524.78,7574.32,True
ORD-10377,2024-05-18,CUST-263,EMEA,Partner / Reseller,Professional Consulting,1,4541.45,0.0,4541.45,2497.8,2043.65,True
ORD-10378,2024-05-11,CUST-139,EMEA,Inside Sales,Enterprise Software,10,4699.51,5.0,46995.1,11748.77,35246.33,True
ORD-10379,2024-05-26,CUST-278,North America,Partner / Reseller,Professional Consulting,1,6086.33,0.0,6086.33,3347.48,2738.85,True
ORD-10380,2024-05-04,CUST-114,North America,Partner / Reseller,Hardware & Peripherals,2,271.79,0.0,543.58,391.38,152.2,True
ORD-10381,2024-05-24,CUST-188,EMEA,Digital Self-Service,Enterprise Software,1,1243.13,0.0,1243.13,310.78,932.35,True
ORD-10382,2024-05-06,CUST-130,APAC,Direct Sales,Professional Consulting,2,7240.76,0.0,14481.52,7964.84,6516.68,True
ORD-10383,2024-05-15,CUST-247,EMEA,Inside Sales,Enterprise Software,2,1442.71,5.0,2885.42,721.36,2164.06,True
ORD-10384,2024-05-13,CUST-140,North America,Direct Sales,Enterprise Software,1,4465.57,15.0,4465.57,1116.39,3349.18,True
ORD-10385,2024-05-23,CUST-111,APAC,Direct Sales,Professional Consulting,1,3370.43,0.0,3370.43,1853.74,1516.69,True
ORD-10386,2024-05-17,CUST-345,APAC,Inside Sales,Enterprise Software,1,4696.86,0.0,4696.86,1174.21,3522.65,True
ORD-10387,2024-05-09,CUST-119,EMEA,Direct Sales,Cloud Services,1,1912.6,5.0,1912.6,669.41,1243.19,True
ORD-10388,2024-05-30,CUST-111,LATAM,Direct Sales,Enterprise Software,1,2048.1,15.0,2048.1,512.02,1536.08,True
ORD-10389,2024-05-29,CUST-241,EMEA,Digital Self-Service,Enterprise Software,1,4410.42,0.0,4410.42,1102.61,3307.81,True
ORD-10390,2024-05-20,CUST-194,EMEA,Inside Sales,Professional Consulting,1,6437.46,25.0,6437.46,3540.6,2896.86,True
ORD-10391,2024-05-26,CUST-162,North America,Inside Sales,Enterprise Software,2,4621.68,0.0,9243.36,2310.84,6932.52,True
ORD-10392,2024-05-19,CUST-343,North America,Inside Sales,Enterprise Software,3,4390.38,10.0,13171.14,3292.78,9878.36,True
ORD-10393,2024-05-25,CUST-207,EMEA,Direct Sales,Enterprise Software,10,1979.74,25.0,19797.4,4949.35,14848.05,True
ORD-10394,2024-05-06,CUST-329,APAC,Inside Sales,Professional Consulting,5,2558.16,10.0,12790.8,7034.94,5755.86,True
ORD-10395,2024-05-13,CUST-229,North America,Inside Sales,Cloud Services,2,1970.59,0.0,3941.18,1379.41,2561.77,True
ORD-10396,2024-05-20,CUST-174,North America,Digital Self-Service,Enterprise Software,1,3717.29,15.0,3717.29,929.32,2787.97,True
ORD-10397,2024-05-14,CUST-169,North America,Partner / Reseller,Professional Consulting,1,6412.12,0.0,6412.12,3526.67,2885.45,True
ORD-10398,2024-06-25,CUST-219,North America,Direct Sales,Cloud Services,1,726.36,5.0,726.36,254.23,472.13,True
ORD-10399,2024-06-25,CUST-130,North America,Digital Self-Service,Enterprise Software,1,2371.57,10.0,2371.57,592.89,1778.68,True
ORD-10400,2024-06-23,CUST-137,North America,Partner / Reseller,Cloud Services,3,851.54,25.0,2554.62,894.12,1660.5,True
ORD-10401,2024-06-13,CUST-144,North America,Inside Sales,Cloud Services,1,1822.09,15.0,1822.09,637.73,1184.36,True
ORD-10402,2024-06-18,CUST-305,APAC,Direct Sales,Professional Consulting,1,3499.12,0.0,3499.12,1924.52,1574.6,True
ORD-10403,2024-06-27,CUST-202,North America,Direct Sales,Professional Consulting,1,3333.73,5.0,3333.73,1833.55,1500.18,True
ORD-10404,2024-06-09,CUST-150,APAC,Inside Sales,Hardware & Peripherals,10,228.74,10.0,2287.4,1646.93,640.47,True
ORD-10405,2024-06-03,CUST-110,LATAM,Direct Sales,Hardware & Peripherals,1,1020.82,0.0,1020.82,734.99,285.83,True
ORD-10406,2024-06-19,CUST-197,EMEA,Partner / Reseller,Cloud Services,1,1921.3,0.0,1921.3,672.45,1248.85,True
ORD-10407,2024-06-30,CUST-108,EMEA,Partner / Reseller,Enterprise Software,3,2263.45,5.0,6790.35,1697.59,5092.76,True
ORD-10408,2024-06-16,CUST-171,North America,Inside Sales,Cloud Services,1,1556.45,0.0,1556.45,544.76,1011.69,True
ORD-10409,2024-06-29,CUST-239,APAC,Inside Sales,Professional Consulting,10,3494.89,10.0,34948.9,19221.9,15727.0,True
ORD-10410,2024-06-12,CUST-244,EMEA,Inside Sales,Cloud Services,1,2041.01,0.0,2041.01,714.35,1326.66,True
ORD-10411,2024-06-01,CUST-299,North America,Inside Sales,Enterprise Software,3,2032.28,5.0,6096.84,1524.21,4572.63,True
ORD-10412,2024-06-25,CUST-163,EMEA,Digital Self-Service,Cloud Services,1,888.8,5.0,888.8,311.08,577.72,True
ORD-10413,2024-06-26,CUST-156,EMEA,Inside Sales,Hardware & Peripherals,10,208.7,0.0,2087.0,1502.64,584.36,True
ORD-10414,2024-06-27,CUST-181,APAC,Digital Self-Service,Hardware & Peripherals,1,332.4,15.0,332.4,239.33,93.07,True
ORD-10415,2024-06-01,CUST-136,EMEA,Partner / Reseller,Professional Consulting,2,4110.09,10.0,8220.18,4521.1,3699.08,True
ORD-10416,2024-06-26,CUST-225,North America,Direct Sales,Hardware & Peripherals,1,666.84,0.0,666.84,480.12,186.72,True
ORD-10417,2024-06-08,CUST-257,North America,Partner / Reseller,Enterprise Software,1,3016.36,0.0,3016.36,754.09,2262.27,True
ORD-10418,2024-06-06,CUST-105,North America,Partner / Reseller,Hardware & Peripherals,1,1036.5,10.0,1036.5,746.28,290.22,True
ORD-10419,2024-06-28,CUST-280,LATAM,Inside Sales,Cloud Services,1,1166.27,5.0,1166.27,408.19,758.08,True
ORD-10420,2024-06-11,CUST-342,North America,Inside Sales,Enterprise Software,1,1718.52,5.0,1718.52,429.63,1288.89,True
ORD-10421,2024-06-06,CUST-257,APAC,Partner / Reseller,Professional Consulting,3,5371.86,5.0,16115.58,8863.57,7252.01,True
ORD-10422,2024-06-27,CUST-132,North America,Direct Sales,Enterprise Software,2,2365.93,15.0,4731.86,1182.96,3548.9,True
ORD-10423,2024-06-19,CUST-108,North America,Digital Self-Service,Enterprise Software,5,4978.28,15.0,24891.4,6222.85,18668.55,True
ORD-10424,2024-06-20,CUST-136,North America,Direct Sales,Enterprise Software,5,3349.09,0.0,16745.45,4186.36,12559.09,True
ORD-10425,2024-06-11,CUST-281,EMEA,Digital Self-Service,Enterprise Software,1,4564.22,5.0,4564.22,1141.06,3423.16,True
ORD-10426,2024-06-09,CUST-301,North America,Direct Sales,Enterprise Software,1,3834.07,0.0,3834.07,958.52,2875.55,True
ORD-10427,2024-06-15,CUST-226,APAC,Digital Self-Service,Professional Consulting,3,7814.61,5.0,23443.83,12894.11,10549.72,True
ORD-10428,2024-06-04,CUST-294,EMEA,Partner / Reseller,Professional Consulting,2,6732.38,5.0,13464.76,7405.62,6059.14,True
ORD-10429,2024-06-26,CUST-343,North America,Digital Self-Service,Professional Consulting,1,3769.45,0.0,3769.45,2073.2,1696.25,True
ORD-10430,2024-06-13,CUST-350,North America,Inside Sales,Enterprise Software,5,1485.01,10.0,7425.05,1856.26,5568.79,True
ORD-10431,2024-06-14,CUST-140,North America,Digital Self-Service,Hardware & Peripherals,3,323.25,0.0,969.75,698.22,271.53,True
ORD-10432,2024-06-07,CUST-238,North America,Digital Self-Service,Cloud Services,5,1563.64,0.0,7818.2,2736.37,5081.83,True
ORD-10433,2024-06-04,CUST-139,North America,Direct Sales,Enterprise Software,3,3372.73,5.0,10118.19,2529.55,7588.64,True
ORD-10434,2024-06-10,CUST-124,North America,Partner / Reseller,Professional Consulting,1,5750.55,5.0,5750.55,3162.8,2587.75,True
ORD-10435,2024-06-03,CUST-220,EMEA,Digital Self-Service,Cloud Services,2,642.57,0.0,1285.14,449.8,835.34,True
ORD-10436,2024-06-18,CUST-147,North America,Digital Self-Service,Enterprise Software,1,2609.88,5.0,2609.88,652.47,1957.41,True
ORD-10437,2024-06-09,CUST-292,EMEA,Direct Sales,Enterprise Software,1,2220.54,0.0,2220.54,555.13,1665.41,True
ORD-10438,2024-06-12,CUST-158,EMEA,Inside Sales,Professional Consulting,2,4483.92,10.0,8967.84,4932.31,4035.53,True
ORD-10439,2024-06-14,CUST-246,APAC,Inside Sales,Hardware & Peripherals,5,871.42,0.0,4357.1,3137.11,1219.99,True
ORD-10440,2024-06-13,CUST-330,EMEA,Partner / Reseller,Hardware & Peripherals,1,900.02,0.0,900.02,648.01,252.01,True
ORD-10441,2024-06-25,CUST-154,APAC,Partner / Reseller,Cloud Services,1,2393.03,0.0,2393.03,837.56,1555.47,True
ORD-10442,2024-06-03,CUST-260,North America,Digital Self-Service,Hardware & Peripherals,10,607.16,0.0,6071.6,4371.55,1700.05,True
ORD-10443,2024-06-24,CUST-201,EMEA,Digital Self-Service,Hardware & Peripherals,1,220.36,5.0,220.36,158.66,61.7,True
ORD-10444,2024-06-30,CUST-233,APAC,Direct Sales,Professional Consulting,2,6719.3,5.0,13438.6,7391.23,6047.37,True
ORD-10445,2024-06-05,CUST-125,LATAM,Direct Sales,Cloud Services,5,1623.62,10.0,8118.1,2841.34,5276.76,True
ORD-10446,2024-06-28,CUST-198,EMEA,Inside Sales,Cloud Services,1,1122.13,0.0,1122.13,392.75,729.38,True
ORD-10447,2024-06-09,CUST-202,North America,Digital Self-Service,Cloud Services,2,1698.31,5.0,3396.62,1188.82,2207.8,True
ORD-10448,2024-06-02,CUST-105,North America,Digital Self-Service,Professional Consulting,3,7525.01,0.0,22575.03,12416.27,10158.76,True
ORD-10449,2024-06-27,CUST-322,North America,Digital Self-Service,Cloud Services,1,1861.98,25.0,1861.98,651.69,1210.29,True
ORD-10450,2024-06-15,CUST-254,EMEA,Partner / Reseller,Professional Consulting,2,3925.21,5.0,7850.42,4317.73,3532.69,True
ORD-10451,2024-06-30,CUST-322,North America,Direct Sales,Professional Consulting,2,6445.67,5.0,12891.34,7090.24,5801.1,True
ORD-10452,2024-06-06,CUST-299,APAC,Direct Sales,Enterprise Software,1,3896.36,0.0,3896.36,974.09,2922.27,True
ORD-10453,2024-06-29,CUST-216,North America,Digital Self-Service,Professional Consulting,1,7021.86,10.0,7021.86,3862.02,3159.84,True
ORD-10454,2024-06-09,CUST-336,North America,Direct Sales,Enterprise Software,1,2964.03,0.0,2964.03,741.01,2223.02,True
ORD-10455,2024-06-16,CUST-250,EMEA,Digital Self-Service,Cloud Services,3,772.93,0.0,2318.79,811.58,1507.21,True
ORD-10456,2024-06-29,CUST-107,North America,Partner / Reseller,Enterprise Software,1,4357.31,15.0,4357.31,1089.33,3267.98,True
ORD-10457,2024-06-25,CUST-273,North America,Inside Sales,Hardware & Peripherals,2,1049.97,5.0,2099.94,1511.96,587.98,True
ORD-10458,2024-06-28,CUST-333,North America,Partner / Reseller,Professional Consulting,1,6605.44,5.0,6605.44,3632.99,2972.45,True
ORD-10459,2024-06-01,CUST-282,LATAM,Digital Self-Service,Enterprise Software,5,3511.71,5.0,17558.55,4389.64,13168.91,True
ORD-10460,2024-06-13,CUST-177,EMEA,Inside Sales,Professional Consulting,1,4753.99,5.0,4753.99,2614.69,2139.3,True
ORD-10461,2024-06-01,CUST-195,EMEA,Digital Self-Service,Cloud Services,3,1790.95,0.0,5372.85,1880.5,3492.35,True
ORD-10462,2024-06-04,CUST-183,APAC,Digital Self-Service,Cloud Services,1,1106.2,5.0,1106.2,387.17,719.03,True
ORD-10463,2024-06-29,CUST-161,APAC,Inside Sales,Cloud Services,1,795.56,5.0,795.56,278.45,517.11,True
ORD-10464,2024-06-22,CUST-175,North America,Inside Sales,Enterprise Software,1,1296.73,5.0,1296.73,324.18,972.55,True
ORD-10465,2024-06-24,CUST-148,North America,Partner / Reseller,Enterprise Software,2,3890.66,5.0,7781.32,1945.33,5835.99,True
ORD-10466,2024-06-21,CUST-229,North America,Partner / Reseller,Professional Consulting,2,7439.16,10.0,14878.32,8183.08,6695.24,True
ORD-10467,2024-06-29,CUST-289,North America,Partner / Reseller,Cloud Services,1,1016.95,15.0,1016.95,355.93,661.02,True
ORD-10468,2024-06-29,CUST-290,APAC,Inside Sales,Enterprise Software,1,1539.34,10.0,1539.34,384.83,1154.51,True
ORD-10469,2024-06-11,CUST-130,EMEA,Direct Sales,Enterprise Software,1,3425.17,5.0,3425.17,856.29,2568.88,True
ORD-10470,2024-06-07,CUST-176,North America,Partner / Reseller,Cloud Services,1,2221.75,0.0,2221.75,777.61,1444.14,True
ORD-10471,2024-06-07,CUST-217,North America,Partner / Reseller,Enterprise Software,3,4951.33,10.0,14853.99,3713.5,11140.49,True
ORD-10472,2024-06-16,CUST-114,North America,Digital Self-Service,Enterprise Software,1,4949.23,0.0,4949.23,1237.31,3711.92,True
ORD-10473,2024-06-25,CUST-295,APAC,Partner / Reseller,Enterprise Software,1,4105.04,5.0,4105.04,1026.26,3078.78,True
ORD-10474,2024-06-21,CUST-101,North America,Partner / Reseller,Cloud Services,1,1300.95,10.0,1300.95,455.33,845.62,True
ORD-10475,2024-06-01,CUST-104,EMEA,Partner / Reseller,Hardware & Peripherals,1,944.69,0.0,944.69,680.18,264.51,True
ORD-10476,2024-06-29,CUST-250,North America,Direct Sales,Enterprise Software,1,1689.94,10.0,1689.94,422.49,1267.45,True
ORD-10477,2024-06-10,CUST-234,North America,Partner / Reseller,Hardware & Peripherals,1,628.72,0.0,628.72,452.68,176.04,True
ORD-10478,2024-06-29,CUST-332,LATAM,Inside Sales,Cloud Services,1,1975.24,0.0,1975.24,691.33,1283.91,True
ORD-10479,2024-06-08,CUST-250,EMEA,Direct Sales,Professional Consulting,2,2787.23,0.0,5574.46,3065.95,2508.51,True
ORD-10480,2024-06-21,CUST-297,EMEA,Direct Sales,Professional Consulting,2,4251.15,5.0,8502.3,4676.27,3826.03,True
ORD-10481,2024-06-02,CUST-276,North America,Inside Sales,Cloud Services,1,1772.49,0.0,1772.49,620.37,1152.12,True
ORD-10482,2024-06-18,CUST-275,EMEA,Digital Self-Service,Enterprise Software,1,3867.1,5.0,3867.1,966.77,2900.33,True
ORD-10483,2024-06-04,CUST-135,North America,Direct Sales,Cloud Services,2,966.95,5.0,1933.9,676.87,1257.03,True
ORD-10484,2024-06-20,CUST-150,EMEA,Digital Self-Service,Enterprise Software,1,1633.25,10.0,1633.25,408.31,1224.94,True
ORD-10485,2024-06-07,CUST-240,EMEA,Partner / Reseller,Enterprise Software,1,2757.07,5.0,2757.07,689.27,2067.8,True
ORD-10486,2024-06-16,CUST-332,North America,Inside Sales,Enterprise Software,2,1210.4,0.0,2420.8,605.2,1815.6,True
ORD-10487,2024-07-04,CUST-331,North America,Partner / Reseller,Professional Consulting,2,2450.29,5.0,4900.58,2695.32,2205.26,True
ORD-10488,2024-07-11,CUST-323,North America,Digital Self-Service,Enterprise Software,3,1390.3,0.0,4170.9,1042.72,3128.18,True
ORD-10489,2024-07-23,CUST-294,APAC,Direct Sales,Enterprise Software,1,4006.45,15.0,4006.45,1001.61,3004.84,True
ORD-10490,2024-07-23,CUST-344,EMEA,Direct Sales,Cloud Services,3,1090.19,0.0,3270.57,1144.7,2125.87,True
ORD-10491,2024-07-12,CUST-169,APAC,Inside Sales,Enterprise Software,5,2722.95,10.0,13614.75,3403.69,10211.06,True
ORD-10492,2024-07-22,CUST-285,North America,Partner / Reseller,Hardware & Peripherals,1,325.12,0.0,325.12,234.09,91.03,True
ORD-10493,2024-07-31,CUST-146,EMEA,Digital Self-Service,Cloud Services,2,2084.76,5.0,4169.52,1459.33,2710.19,True
ORD-10494,2024-07-29,CUST-133,EMEA,Inside Sales,Cloud Services,10,2160.93,0.0,21609.3,7563.25,14046.05,True
ORD-10495,2024-07-15,CUST-103,EMEA,Partner / Reseller,Cloud Services,2,533.01,25.0,1066.02,373.11,692.91,True
ORD-10496,2024-07-23,CUST-258,North America,Partner / Reseller,Professional Consulting,2,5114.6,5.0,10229.2,5626.06,4603.14,True
ORD-10497,2024-07-23,CUST-242,APAC,Direct Sales,Cloud Services,3,1208.24,0.0,3624.72,1268.65,2356.07,True
ORD-10498,2024-07-31,CUST-322,North America,Inside Sales,Enterprise Software,3,4425.61,0.0,13276.83,3319.21,9957.62,True
ORD-10499,2024-07-12,CUST-264,North America,Partner / Reseller,Hardware & Peripherals,1,202.87,0.0,202.87,146.07,56.8,True
ORD-10500,2024-07-16,CUST-214,North America,Inside Sales,Professional Consulting,3,4688.59,10.0,14065.77,7736.17,6329.6,True
ORD-10501,2024-07-02,CUST-100,APAC,Digital Self-Service,Enterprise Software,2,2766.89,15.0,5533.78,1383.44,4150.34,True
ORD-10502,2024-07-19,CUST-193,APAC,Partner / Reseller,Enterprise Software,5,3751.6,10.0,18758.0,4689.5,14068.5,True
ORD-10503,2024-07-12,CUST-268,North America,Inside Sales,Cloud Services,1,1701.49,0.0,1701.49,595.52,1105.97,True
ORD-10504,2024-07-26,CUST-262,LATAM,Digital Self-Service,Cloud Services,1,404.61,5.0,404.61,141.61,263.0,True
ORD-10505,2024-07-13,CUST-135,APAC,Inside Sales,Professional Consulting,1,2274.67,0.0,2274.67,1251.07,1023.6,True
ORD-10506,2024-07-21,CUST-155,EMEA,Partner / Reseller,Enterprise Software,3,1658.83,10.0,4976.49,1244.12,3732.37,True
ORD-10507,2024-07-05,CUST-272,EMEA,Inside Sales,Professional Consulting,2,2279.0,5.0,4558.0,2506.9,2051.1,True
ORD-10508,2024-07-20,CUST-235,APAC,Inside Sales,Hardware & Peripherals,1,291.37,10.0,291.37,209.79,81.58,True
ORD-10509,2024-07-17,CUST-277,EMEA,Partner / Reseller,Hardware & Peripherals,3,970.14,0.0,2910.42,2095.5,814.92,True
ORD-10510,2024-07-23,CUST-198,North America,Partner / Reseller,Cloud Services,1,2253.66,0.0,2253.66,788.78,1464.88,True
ORD-10511,2024-07-12,CUST-205,EMEA,Digital Self-Service,Hardware & Peripherals,1,625.49,10.0,625.49,450.35,175.14,True
ORD-10512,2024-07-19,CUST-261,North America,Partner / Reseller,Professional Consulting,5,6271.25,5.0,31356.25,17245.94,14110.31,True
ORD-10513,2024-07-11,CUST-281,EMEA,Partner / Reseller,Cloud Services,1,2334.5,5.0,2334.5,817.07,1517.43,True
ORD-10514,2024-07-24,CUST-243,EMEA,Inside Sales,Cloud Services,2,1891.74,5.0,3783.48,1324.22,2459.26,True
ORD-10515,2024-07-30,CUST-306,North America,Direct Sales,Professional Consulting,3,3715.57,0.0,11146.71,6130.69,5016.02,True
ORD-10516,2024-07-06,CUST-301,North America,Digital Self-Service,Enterprise Software,1,1415.1,5.0,1415.1,353.77,1061.33,True
ORD-10517,2024-07-06,CUST-292,EMEA,Digital Self-Service,Professional Consulting,1,6143.57,10.0,6143.57,3378.96,2764.61,True
ORD-10518,2024-07-05,CUST-157,APAC,Inside Sales,Cloud Services,2,1818.6,0.0,3637.2,1273.02,2364.18,True
ORD-10519,2024-07-27,CUST-112,LATAM,Inside Sales,Professional Consulting,2,6176.77,5.0,12353.54,6794.45,5559.09,True
ORD-10520,2024-07-27,CUST-103,APAC,Partner / Reseller,Hardware & Peripherals,2,478.29,5.0,956.58,688.74,267.84,True
ORD-10521,2024-07-26,CUST-262,EMEA,Digital Self-Service,Professional Consulting,1,4658.38,10.0,4658.38,2562.11,2096.27,True
ORD-10522,2024-07-19,CUST-149,North America,Partner / Reseller,Professional Consulting,2,3178.81,25.0,6357.62,3496.69,2860.93,True
ORD-10523,2024-07-04,CUST-196,North America,Digital Self-Service,Enterprise Software,1,1860.42,5.0,1860.42,465.11,1395.31,True
ORD-10524,2024-07-06,CUST-219,EMEA,Partner / Reseller,Enterprise Software,1,4414.85,0.0,4414.85,1103.71,3311.14,True
ORD-10525,2024-07-31,CUST-257,APAC,Digital Self-Service,Enterprise Software,5,1393.25,5.0,6966.25,1741.56,5224.69,True
ORD-10526,2024-07-20,CUST-234,North America,Partner / Reseller,Cloud Services,2,553.05,5.0,1106.1,387.13,718.97,True
ORD-10527,2024-07-27,CUST-123,North America,Partner / Reseller,Cloud Services,1,1273.46,5.0,1273.46,445.71,827.75,True
ORD-10528,2024-07-12,CUST-235,EMEA,Direct Sales,Enterprise Software,2,2030.09,0.0,4060.18,1015.04,3045.14,True
ORD-10529,2024-07-13,CUST-259,North America,Direct Sales,Cloud Services,2,2299.44,5.0,4598.88,1609.61,2989.27,True
ORD-10530,2024-07-12,CUST-165,EMEA,Digital Self-Service,Enterprise Software,1,4225.59,0.0,4225.59,1056.4,3169.19,True
ORD-10531,2024-07-18,CUST-214,EMEA,Digital Self-Service,Professional Consulting,3,4249.75,15.0,12749.25,7012.09,5737.16,True
ORD-10532,2024-07-08,CUST-348,LATAM,Direct Sales,Enterprise Software,1,1512.91,5.0,1512.91,378.23,1134.68,True
ORD-10533,2024-07-08,CUST-208,APAC,Partner / Reseller,Cloud Services,3,2024.52,5.0,6073.56,2125.75,3947.81,True
ORD-10534,2024-07-24,CUST-309,LATAM,Partner / Reseller,Professional Consulting,1,6448.25,0.0,6448.25,3546.54,2901.71,True
ORD-10535,2024-07-24,CUST-303,North America,Direct Sales,Enterprise Software,1,1532.58,5.0,1532.58,383.14,1149.44,True
ORD-10536,2024-07-09,CUST-203,North America,Direct Sales,Hardware & Peripherals,1,578.01,0.0,578.01,416.17,161.84,True
ORD-10537,2024-07-05,CUST-293,APAC,Direct Sales,Cloud Services,2,1746.99,10.0,3493.98,1222.89,2271.09,True
ORD-10538,2024-07-04,CUST-275,North America,Direct Sales,Enterprise Software,1,3110.78,0.0,3110.78,777.7,2333.08,True
ORD-10539,2024-07-31,CUST-221,North America,Partner / Reseller,Cloud Services,2,1229.74,0.0,2459.48,860.82,1598.66,True
ORD-10540,2024-07-14,CUST-262,North America,Digital Self-Service,Professional Consulting,1,7096.8,25.0,7096.8,3903.24,3193.56,True
ORD-10541,2024-07-02,CUST-101,EMEA,Inside Sales,Cloud Services,1,1565.65,5.0,1565.65,547.98,1017.67,True
ORD-10542,2024-07-04,CUST-188,North America,Partner / Reseller,Enterprise Software,3,4043.53,0.0,12130.59,3032.65,9097.94,True
ORD-10543,2024-07-09,CUST-271,APAC,Direct Sales,Cloud Services,1,930.76,15.0,930.76,325.77,604.99,True
ORD-10544,2024-07-31,CUST-118,North America,Direct Sales,Hardware & Peripherals,2,726.29,0.0,1452.58,1045.86,406.72,True
ORD-10545,2024-07-08,CUST-132,EMEA,Partner / Reseller,Professional Consulting,1,4923.14,0.0,4923.14,2707.73,2215.41,True
ORD-10546,2024-07-21,CUST-184,EMEA,Digital Self-Service,Enterprise Software,1,1935.29,5.0,1935.29,483.82,1451.47,True
ORD-10547,2024-07-06,CUST-209,North America,Digital Self-Service,Cloud Services,1,1165.44,0.0,1165.44,407.9,757.54,True
ORD-10548,2024-07-09,CUST-192,North America,Digital Self-Service,Professional Consulting,1,5845.03,15.0,5845.03,3214.77,2630.26,True
ORD-10549,2024-07-16,CUST-127,North America,Direct Sales,Cloud Services,1,2027.01,10.0,2027.01,709.45,1317.56,True
ORD-10550,2024-07-29,CUST-287,APAC,Direct Sales,Professional Consulting,1,7347.78,10.0,7347.78,4041.28,3306.5,True
ORD-10551,2024-07-30,CUST-248,EMEA,Partner / Reseller,Enterprise Software,1,3127.28,15.0,3127.28,781.82,2345.46,True
ORD-10552,2024-07-19,CUST-267,APAC,Digital Self-Service,Enterprise Software,1,4597.15,0.0,4597.15,1149.29,3447.86,True
ORD-10553,2024-07-30,CUST-218,EMEA,Direct Sales,Professional Consulting,1,6399.36,0.0,6399.36,3519.65,2879.71,True
ORD-10554,2024-07-18,CUST-257,EMEA,Partner / Reseller,Enterprise Software,5,2107.75,5.0,10538.75,2634.69,7904.06,True
ORD-10555,2024-07-07,CUST-137,APAC,Inside Sales,Cloud Services,3,1588.21,15.0,4764.63,1667.62,3097.01,True
ORD-10556,2024-07-03,CUST-194,North America,Partner / Reseller,Enterprise Software,1,3053.04,5.0,3053.04,763.26,2289.78,True
ORD-10557,2024-07-27,CUST-111,North America,Digital Self-Service,Enterprise Software,1,2984.76,0.0,2984.76,746.19,2238.57,True
ORD-10558,2024-07-18,CUST-248,EMEA,Partner / Reseller,Cloud Services,2,974.34,0.0,1948.68,682.04,1266.64,True
ORD-10559,2024-07-14,CUST-232,North America,Partner / Reseller,Enterprise Software,3,3682.68,5.0,11048.04,2762.01,8286.03,True
ORD-10560,2024-07-13,CUST-327,EMEA,Partner / Reseller,Professional Consulting,2,4070.19,5.0,8140.38,4477.21,3663.17,True
ORD-10561,2024-07-09,CUST-147,North America,Direct Sales,Enterprise Software,1,3645.21,5.0,3645.21,911.3,2733.91,True
ORD-10562,2024-07-15,CUST-222,EMEA,Partner / Reseller,Professional Consulting,1,6321.53,5.0,6321.53,3476.84,2844.69,True
ORD-10563,2024-07-15,CUST-141,North America,Direct Sales,Enterprise Software,2,1363.95,15.0,2727.9,681.98,2045.92,True
ORD-10564,2024-07-06,CUST-345,North America,Direct Sales,Enterprise Software,1,2181.39,15.0,2181.39,545.35,1636.04,True
ORD-10565,2024-07-25,CUST-214,EMEA,Inside Sales,Cloud Services,1,995.25,15.0,995.25,348.34,646.91,True
ORD-10566,2024-07-07,CUST-249,APAC,Partner / Reseller,Enterprise Software,1,2760.91,5.0,2760.91,690.23,2070.68,True
ORD-10567,2024-07-18,CUST-216,EMEA,Direct Sales,Enterprise Software,1,3951.91,0.0,3951.91,987.98,2963.93,True
ORD-10568,2024-07-14,CUST-332,EMEA,Inside Sales,Enterprise Software,1,1262.94,10.0,1262.94,315.74,947.2,True
ORD-10569,2024-07-21,CUST-109,APAC,Direct Sales,Enterprise Software,2,3008.3,0.0,6016.6,1504.15,4512.45,True
ORD-10570,2024-07-23,CUST-329,LATAM,Inside Sales,Enterprise Software,3,3493.2,5.0,10479.6,2619.9,7859.7,True
ORD-10571,2024-07-13,CUST-340,APAC,Inside Sales,Professional Consulting,1,6185.86,0.0,6185.86,3402.22,2783.64,True
ORD-10572,2024-07-27,CUST-125,North America,Digital Self-Service,Professional Consulting,2,6569.24,5.0,13138.48,7226.16,5912.32,True
ORD-10573,2024-07-09,CUST-239,North America,Partner / Reseller,Hardware & Peripherals,2,238.01,0.0,476.02,342.73,133.29,True
ORD-10574,2024-07-25,CUST-101,North America,Partner / Reseller,Professional Consulting,1,5467.92,5.0,5467.92,3007.36,2460.56,True
ORD-10575,2024-07-12,CUST-249,North America,Inside Sales,Cloud Services,1,623.82,5.0,623.82,218.34,405.48,True
ORD-10576,2024-07-21,CUST-205,EMEA,Inside Sales,Enterprise Software,2,3786.3,0.0,7572.6,1893.15,5679.45,True
ORD-10577,2024-08-18,CUST-188,APAC,Inside Sales,Cloud Services,1,932.93,10.0,932.93,326.53,606.4,True
ORD-10578,2024-08-28,CUST-300,EMEA,Partner / Reseller,Professional Consulting,1,2714.51,0.0,2714.51,1492.98,1221.53,True
ORD-10579,2024-08-17,CUST-278,EMEA,Direct Sales,Cloud Services,2,1110.72,0.0,2221.44,777.5,1443.94,True
ORD-10580,2024-08-21,CUST-337,EMEA,Direct Sales,Enterprise Software,1,1546.14,0.0,1546.14,386.54,1159.6,True
ORD-10581,2024-08-08,CUST-338,LATAM,Digital Self-Service,Enterprise Software,2,3514.31,10.0,7028.62,1757.15,5271.47,True
ORD-10582,2024-08-20,CUST-226,North America,Partner / Reseller,Enterprise Software,1,4139.71,15.0,4139.71,1034.93,3104.78,True
ORD-10583,2024-08-30,CUST-253,EMEA,Partner / Reseller,Professional Consulting,1,3716.04,5.0,3716.04,2043.82,1672.22,True
ORD-10584,2024-08-22,CUST-140,North America,Digital Self-Service,Enterprise Software,1,2109.18,10.0,2109.18,527.29,1581.89,True
ORD-10585,2024-08-12,CUST-103,APAC,Direct Sales,Cloud Services,1,1251.45,15.0,1251.45,438.01,813.44,True
ORD-10586,2024-08-18,CUST-189,North America,Digital Self-Service,Enterprise Software,3,4353.11,0.0,13059.33,3264.83,9794.5,True
ORD-10587,2024-08-07,CUST-144,North America,Direct Sales,Cloud Services,1,1248.31,5.0,1248.31,436.91,811.4,True
ORD-10588,2024-08-17,CUST-344,North America,Digital Self-Service,Enterprise Software,3,4798.66,5.0,14395.98,3598.99,10796.99,True
ORD-10589,2024-08-13,CUST-346,APAC,Inside Sales,Cloud Services,2,2016.93,15.0,4033.86,1411.85,2622.01,True
ORD-10590,2024-08-28,CUST-262,APAC,Partner / Reseller,Enterprise Software,1,1641.82,5.0,1641.82,410.45,1231.37,True
ORD-10591,2024-08-08,CUST-237,North America,Digital Self-Service,Professional Consulting,1,4474.56,0.0,4474.56,2461.01,2013.55,True
ORD-10592,2024-08-03,CUST-241,LATAM,Inside Sales,Enterprise Software,1,4045.39,0.0,4045.39,1011.35,3034.04,True
ORD-10593,2024-08-07,CUST-274,LATAM,Partner / Reseller,Hardware & Peripherals,5,432.53,5.0,2162.65,1557.11,605.54,True
ORD-10594,2024-08-07,CUST-158,North America,Partner / Reseller,Enterprise Software,1,2119.81,10.0,2119.81,529.95,1589.86,True
ORD-10595,2024-08-12,CUST-273,LATAM,Inside Sales,Enterprise Software,5,1605.42,5.0,8027.1,2006.78,6020.32,True
ORD-10596,2024-08-25,CUST-195,EMEA,Inside Sales,Professional Consulting,3,7747.96,15.0,23243.88,12784.13,10459.75,True
ORD-10597,2024-08-29,CUST-295,LATAM,Digital Self-Service,Hardware & Peripherals,1,1062.21,0.0,1062.21,764.79,297.42,True
ORD-10598,2024-08-25,CUST-222,LATAM,Direct Sales,Cloud Services,2,513.71,5.0,1027.42,359.6,667.82,True
ORD-10599,2024-08-13,CUST-130,EMEA,Inside Sales,Professional Consulting,1,6655.42,0.0,6655.42,3660.48,2994.94,True
ORD-10600,2024-08-01,CUST-183,North America,Digital Self-Service,Enterprise Software,2,2000.86,0.0,4001.72,1000.43,3001.29,True
ORD-10601,2024-08-09,CUST-193,North America,Inside Sales,Enterprise Software,2,2991.11,0.0,5982.22,1495.56,4486.66,True
ORD-10602,2024-08-23,CUST-215,North America,Partner / Reseller,Professional Consulting,1,4190.47,25.0,4190.47,2304.76,1885.71,True
ORD-10603,2024-08-22,CUST-160,EMEA,Inside Sales,Enterprise Software,1,1579.51,0.0,1579.51,394.88,1184.63,True
ORD-10604,2024-08-26,CUST-145,North America,Partner / Reseller,Hardware & Peripherals,3,307.03,25.0,921.09,663.18,257.91,True
ORD-10605,2024-08-28,CUST-224,North America,Direct Sales,Cloud Services,1,1521.36,0.0,1521.36,532.48,988.88,True
ORD-10606,2024-08-23,CUST-314,EMEA,Inside Sales,Enterprise Software,1,2018.78,10.0,2018.78,504.69,1514.09,True
ORD-10607,2024-08-09,CUST-165,North America,Inside Sales,Enterprise Software,5,3329.33,0.0,16646.65,4161.66,12484.99,True
ORD-10608,2024-08-28,CUST-266,EMEA,Partner / Reseller,Cloud Services,2,1671.71,25.0,3343.42,1170.2,2173.22,True
ORD-10609,2024-08-10,CUST-288,North America,Direct Sales,Enterprise Software,1,3758.13,0.0,3758.13,939.53,2818.6,True
ORD-10610,2024-08-10,CUST-263,APAC,Digital Self-Service,Cloud Services,3,2408.85,5.0,7226.55,2529.29,4697.26,True
ORD-10611,2024-08-20,CUST-141,North America,Digital Self-Service,Cloud Services,1,2182.69,0.0,2182.69,763.94,1418.75,True
ORD-10612,2024-08-10,CUST-327,North America,Digital Self-Service,Professional Consulting,1,5632.31,10.0,5632.31,3097.77,2534.54,True
ORD-10613,2024-08-17,CUST-105,North America,Partner / Reseller,Hardware & Peripherals,1,584.69,5.0,584.69,420.98,163.71,True
ORD-10614,2024-08-24,CUST-126,North America,Inside Sales,Professional Consulting,1,2480.39,5.0,2480.39,1364.21,1116.18,True
ORD-10615,2024-08-01,CUST-126,North America,Partner / Reseller,Professional Consulting,10,5143.9,0.0,51439.0,28291.45,23147.55,True
ORD-10616,2024-08-30,CUST-172,North America,Partner / Reseller,Hardware & Peripherals,1,474.84,0.0,474.84,341.88,132.96,True
ORD-10617,2024-08-27,CUST-334,North America,Inside Sales,Enterprise Software,1,1333.59,5.0,1333.59,333.4,1000.19,True
ORD-10618,2024-08-28,CUST-348,LATAM,Partner / Reseller,Cloud Services,1,972.07,5.0,972.07,340.22,631.85,True
ORD-10619,2024-08-15,CUST-234,EMEA,Digital Self-Service,Cloud Services,2,1735.29,15.0,3470.58,1214.7,2255.88,True
ORD-10620,2024-08-16,CUST-193,North America,Partner / Reseller,Cloud Services,1,2089.89,0.0,2089.89,731.46,1358.43,True
ORD-10621,2024-08-01,CUST-173,EMEA,Direct Sales,Cloud Services,1,1992.42,5.0,1992.42,697.35,1295.07,True
ORD-10622,2024-08-16,CUST-210,APAC,Partner / Reseller,Hardware & Peripherals,1,650.92,10.0,650.92,468.66,182.26,True
ORD-10623,2024-08-18,CUST-201,North America,Inside Sales,Enterprise Software,2,2764.6,10.0,5529.2,1382.3,4146.9,True
ORD-10624,2024-08-08,CUST-295,APAC,Digital Self-Service,Enterprise Software,1,2804.51,0.0,2804.51,701.13,2103.38,True
ORD-10625,2024-08-24,CUST-117,North America,Digital Self-Service,Cloud Services,1,964.53,0.0,964.53,337.59,626.94,True
ORD-10626,2024-08-15,CUST-148,North America,Partner / Reseller,Cloud Services,2,971.48,0.0,1942.96,680.04,1262.92,True
ORD-10627,2024-08-18,CUST-132,EMEA,Direct Sales,Enterprise Software,1,4894.86,0.0,4894.86,1223.71,3671.15,True
ORD-10628,2024-08-05,CUST-301,APAC,Digital Self-Service,Enterprise Software,1,2025.31,5.0,2025.31,506.33,1518.98,True
ORD-10629,2024-08-26,CUST-137,North America,Inside Sales,Enterprise Software,2,1504.85,0.0,3009.7,752.42,2257.28,True
ORD-10630,2024-08-16,CUST-197,APAC,Direct Sales,Enterprise Software,1,4603.66,25.0,4603.66,1150.91,3452.75,True
ORD-10631,2024-08-23,CUST-288,LATAM,Partner / Reseller,Enterprise Software,1,4130.66,5.0,4130.66,1032.66,3098.0,True
ORD-10632,2024-08-25,CUST-199,EMEA,Digital Self-Service,Enterprise Software,1,3730.83,15.0,3730.83,932.71,2798.12,True
ORD-10633,2024-08-06,CUST-233,North America,Inside Sales,Cloud Services,5,488.59,5.0,2442.95,855.03,1587.92,True
ORD-10634,2024-08-07,CUST-349,North America,Inside Sales,Enterprise Software,2,1397.93,0.0,2795.86,698.97,2096.89,True
ORD-10635,2024-08-06,CUST-162,North America,Direct Sales,Professional Consulting,1,5508.18,5.0,5508.18,3029.5,2478.68,True
ORD-10636,2024-08-23,CUST-122,North America,Inside Sales,Cloud Services,1,1652.05,0.0,1652.05,578.22,1073.83,True
ORD-10637,2024-08-20,CUST-115,North America,Partner / Reseller,Enterprise Software,2,4884.68,10.0,9769.36,2442.34,7327.02,True
ORD-10638,2024-08-26,CUST-242,APAC,Digital Self-Service,Enterprise Software,1,3053.8,10.0,3053.8,763.45,2290.35,True
ORD-10639,2024-08-15,CUST-285,North America,Direct Sales,Professional Consulting,1,2128.12,5.0,2128.12,1170.47,957.65,True
ORD-10640,2024-08-15,CUST-245,North America,Digital Self-Service,Cloud Services,1,1539.74,0.0,1539.74,538.91,1000.83,True
ORD-10641,2024-08-15,CUST-241,North America,Partner / Reseller,Enterprise Software,3,4359.13,5.0,13077.39,3269.35,9808.04,True
ORD-10642,2024-08-27,CUST-263,EMEA,Partner / Reseller,Enterprise Software,1,2595.03,15.0,2595.03,648.76,1946.27,True
ORD-10643,2024-08-20,CUST-284,North America,Inside Sales,Professional Consulting,1,6656.1,0.0,6656.1,3660.86,2995.24,True
ORD-10644,2024-08-22,CUST-182,North America,Digital Self-Service,Cloud Services,2,1558.08,0.0,3116.16,1090.66,2025.5,True
ORD-10645,2024-08-17,CUST-145,APAC,Partner / Reseller,Cloud Services,5,491.93,0.0,2459.65,860.88,1598.77,True
ORD-10646,2024-08-07,CUST-268,EMEA,Digital Self-Service,Enterprise Software,3,3369.85,0.0,10109.55,2527.39,7582.16,True
ORD-10647,2024-08-08,CUST-153,EMEA,Direct Sales,Cloud Services,5,548.84,5.0,2744.2,960.47,1783.73,True
ORD-10648,2024-08-21,CUST-206,APAC,Direct Sales,Enterprise Software,5,3320.48,10.0,16602.4,4150.6,12451.8,True
ORD-10649,2024-08-09,CUST-119,LATAM,Direct Sales,Cloud Services,3,1942.03,0.0,5826.09,2039.13,3786.96,True
ORD-10650,2024-08-08,CUST-163,EMEA,Partner / Reseller,Cloud Services,1,797.87,5.0,797.87,279.25,518.62,True
ORD-10651,2024-08-18,CUST-191,EMEA,Inside Sales,Cloud Services,2,621.58,15.0,1243.16,435.11,808.05,True
ORD-10652,2024-08-06,CUST-268,North America,Inside Sales,Professional Consulting,1,5299.79,15.0,5299.79,2914.88,2384.91,True
ORD-10653,2024-08-29,CUST-195,North America,Inside Sales,Enterprise Software,1,4967.56,10.0,4967.56,1241.89,3725.67,True
ORD-10654,2024-08-11,CUST-296,EMEA,Digital Self-Service,Cloud Services,1,1582.6,0.0,1582.6,553.91,1028.69,True
ORD-10655,2024-08-15,CUST-172,EMEA,Partner / Reseller,Cloud Services,2,1233.89,25.0,2467.78,863.72,1604.06,True
ORD-10656,2024-08-10,CUST-180,North America,Digital Self-Service,Enterprise Software,1,4940.7,15.0,4940.7,1235.17,3705.53,True
ORD-10657,2024-08-17,CUST-109,EMEA,Partner / Reseller,Cloud Services,1,2344.44,0.0,2344.44,820.55,1523.89,True
ORD-10658,2024-08-12,CUST-176,North America,Inside Sales,Hardware & Peripherals,1,412.35,5.0,412.35,296.89,115.46,True
ORD-10659,2024-08-07,CUST-144,EMEA,Direct Sales,Professional Consulting,2,6341.48,5.0,12682.96,6975.63,5707.33,True
ORD-10660,2024-08-10,CUST-299,North America,Digital Self-Service,Enterprise Software,1,4271.7,0.0,4271.7,1067.92,3203.78,True
ORD-10661,2024-08-27,CUST-297,North America,Direct Sales,Cloud Services,1,2353.52,5.0,2353.52,823.73,1529.79,True
ORD-10662,2024-08-21,CUST-238,EMEA,Digital Self-Service,Enterprise Software,1,2358.18,5.0,2358.18,589.54,1768.64,True
ORD-10663,2024-08-08,CUST-348,North America,Direct Sales,Enterprise Software,10,3759.81,0.0,37598.1,9399.52,28198.58,True
ORD-10664,2024-08-10,CUST-221,EMEA,Direct Sales,Professional Consulting,1,2888.07,5.0,2888.07,1588.44,1299.63,True
ORD-10665,2024-08-09,CUST-133,APAC,Inside Sales,Enterprise Software,2,3106.93,5.0,6213.86,1553.46,4660.4,True
ORD-10666,2024-08-16,CUST-288,EMEA,Partner / Reseller,Enterprise Software,2,3371.06,0.0,6742.12,1685.53,5056.59,True
ORD-10667,2024-08-25,CUST-128,EMEA,Inside Sales,Cloud Services,2,1837.95,0.0,3675.9,1286.57,2389.33,True
ORD-10668,2024-09-07,CUST-178,North America,Digital Self-Service,Enterprise Software,1,3456.73,5.0,3456.73,864.18,2592.55,True
ORD-10669,2024-09-26,CUST-309,North America,Digital Self-Service,Cloud Services,1,706.22,0.0,706.22,247.18,459.04,True
ORD-10670,2024-09-24,CUST-342,EMEA,Partner / Reseller,Professional Consulting,1,2674.23,15.0,2674.23,1470.83,1203.4,True
ORD-10671,2024-09-27,CUST-178,EMEA,Direct Sales,Enterprise Software,3,2504.43,0.0,7513.29,1878.32,5634.97,True
ORD-10672,2024-09-24,CUST-166,EMEA,Partner / Reseller,Cloud Services,1,827.98,5.0,827.98,289.79,538.19,True
ORD-10673,2024-09-22,CUST-111,North America,Direct Sales,Enterprise Software,2,3415.42,0.0,6830.84,1707.71,5123.13,True
ORD-10674,2024-09-26,CUST-341,North America,Inside Sales,Cloud Services,1,969.69,5.0,969.69,339.39,630.3,True
ORD-10675,2024-09-22,CUST-104,North America,Inside Sales,Professional Consulting,3,5960.6,0.0,17881.8,9834.99,8046.81,True
ORD-10676,2024-09-13,CUST-224,APAC,Direct Sales,Cloud Services,3,1890.35,0.0,5671.05,1984.87,3686.18,True
ORD-10677,2024-09-17,CUST-110,North America,Digital Self-Service,Hardware & Peripherals,2,738.72,0.0,1477.44,1063.76,413.68,True
ORD-10678,2024-09-13,CUST-190,EMEA,Partner / Reseller,Professional Consulting,2,2110.23,25.0,4220.46,2321.25,1899.21,True
ORD-10679,2024-09-17,CUST-199,APAC,Direct Sales,Enterprise Software,1,1435.64,15.0,1435.64,358.91,1076.73,True
ORD-10680,2024-09-09,CUST-135,North America,Inside Sales,Enterprise Software,1,2498.79,5.0,2498.79,624.7,1874.09,True
ORD-10681,2024-09-22,CUST-161,EMEA,Inside Sales,Cloud Services,1,1713.6,25.0,1713.6,599.76,1113.84,True
ORD-10682,2024-09-30,CUST-267,North America,Partner / Reseller,Cloud Services,1,1343.26,15.0,1343.26,470.14,873.12,True
ORD-10683,2024-09-10,CUST-210,LATAM,Partner / Reseller,Cloud Services,3,2287.15,5.0,6861.45,2401.51,4459.94,True
ORD-10684,2024-09-19,CUST-342,EMEA,Partner / Reseller,Hardware & Peripherals,2,483.37,0.0,966.74,696.05,270.69,True
ORD-10685,2024-09-29,CUST-349,North America,Inside Sales,Enterprise Software,1,1312.04,0.0,1312.04,328.01,984.03,True
ORD-10686,2024-09-24,CUST-170,North America,Partner / Reseller,Hardware & Peripherals,5,1088.84,0.0,5444.2,3919.82,1524.38,True
ORD-10687,2024-09-06,CUST-255,EMEA,Partner / Reseller,Enterprise Software,2,4946.63,5.0,9893.26,2473.32,7419.94,True
ORD-10688,2024-09-08,CUST-222,North America,Inside Sales,Cloud Services,2,1154.45,10.0,2308.9,808.12,1500.78,True
ORD-10689,2024-09-12,CUST-141,North America,Direct Sales,Enterprise Software,1,2672.35,5.0,2672.35,668.09,2004.26,True
ORD-10690,2024-09-01,CUST-271,LATAM,Partner / Reseller,Hardware & Peripherals,1,1147.71,0.0,1147.71,826.35,321.36,True
ORD-10691,2024-09-30,CUST-276,North America,Inside Sales,Hardware & Peripherals,2,611.25,15.0,1222.5,880.2,342.3,True
ORD-10692,2024-09-14,CUST-197,EMEA,Inside Sales,Cloud Services,2,487.84,5.0,975.68,341.49,634.19,True
ORD-10693,2024-09-24,CUST-280,APAC,Direct Sales,Cloud Services,2,1525.93,5.0,3051.86,1068.15,1983.71,True
ORD-10694,2024-09-27,CUST-237,North America,Direct Sales,Professional Consulting,1,7266.68,5.0,7266.68,3996.67,3270.01,True
ORD-10695,2024-09-17,CUST-212,North America,Digital Self-Service,Professional Consulting,1,7775.55,10.0,7775.55,4276.55,3499.0,True
ORD-10696,2024-09-10,CUST-113,EMEA,Partner / Reseller,Cloud Services,2,1287.17,5.0,2574.34,901.02,1673.32,True
ORD-10697,2024-09-21,CUST-299,EMEA,Partner / Reseller,Cloud Services,1,1917.56,0.0,1917.56,671.15,1246.41,True
ORD-10698,2024-09-11,CUST-282,APAC,Inside Sales,Cloud Services,2,775.65,0.0,1551.3,542.95,1008.35,True
ORD-10699,2024-09-11,CUST-283,APAC,Direct Sales,Cloud Services,2,2305.04,0.0,4610.08,1613.53,2996.55,True
ORD-10700,2024-09-15,CUST-286,APAC,Partner / Reseller,Cloud Services,2,579.14,0.0,1158.28,405.4,752.88,True
ORD-10701,2024-09-13,CUST-323,EMEA,Partner / Reseller,Enterprise Software,1,1849.36,0.0,1849.36,462.34,1387.02,True
ORD-10702,2024-09-05,CUST-179,APAC,Inside Sales,Enterprise Software,1,3905.78,0.0,3905.78,976.45,2929.33,True
ORD-10703,2024-09-06,CUST-259,APAC,Direct Sales,Enterprise Software,1,1699.97,5.0,1699.97,424.99,1274.98,True
ORD-10704,2024-09-28,CUST-226,North America,Inside Sales,Cloud Services,2,2095.65,5.0,4191.3,1466.95,2724.35,True
ORD-10705,2024-09-15,CUST-240,North America,Partner / Reseller,Enterprise Software,1,3480.39,0.0,3480.39,870.1,2610.29,True
ORD-10706,2024-09-05,CUST-108,EMEA,Digital Self-Service,Enterprise Software,1,2526.28,0.0,2526.28,631.57,1894.71,True
ORD-10707,2024-09-03,CUST-272,North America,Partner / Reseller,Enterprise Software,1,2784.44,25.0,2784.44,696.11,2088.33,True
ORD-10708,2024-09-24,CUST-176,North America,Inside Sales,Cloud Services,1,2356.11,10.0,2356.11,824.64,1531.47,True
ORD-10709,2024-09-25,CUST-134,North America,Digital Self-Service,Cloud Services,1,1555.99,0.0,1555.99,544.6,1011.39,True
ORD-10710,2024-09-14,CUST-127,EMEA,Direct Sales,Cloud Services,2,1861.24,5.0,3722.48,1302.87,2419.61,True
ORD-10711,2024-09-23,CUST-209,EMEA,Digital Self-Service,Cloud Services,2,2055.19,0.0,4110.38,1438.63,2671.75,True
ORD-10712,2024-09-19,CUST-244,EMEA,Inside Sales,Hardware & Peripherals,1,521.55,5.0,521.55,375.52,146.03,True
ORD-10713,2024-09-06,CUST-149,North America,Direct Sales,Hardware & Peripherals,1,394.36,5.0,394.36,283.94,110.42,True
ORD-10714,2024-09-26,CUST-206,North America,Digital Self-Service,Enterprise Software,2,4422.67,0.0,8845.34,2211.34,6634.0,True
ORD-10715,2024-09-26,CUST-172,North America,Direct Sales,Cloud Services,1,423.72,0.0,423.72,148.3,275.42,True
ORD-10716,2024-09-17,CUST-185,North America,Direct Sales,Cloud Services,1,2010.77,10.0,2010.77,703.77,1307.0,True
ORD-10717,2024-09-07,CUST-334,EMEA,Direct Sales,Enterprise Software,2,2484.16,5.0,4968.32,1242.08,3726.24,True
ORD-10718,2024-09-16,CUST-329,North America,Inside Sales,Enterprise Software,3,2950.35,15.0,8851.05,2212.76,6638.29,True
ORD-10719,2024-09-02,CUST-180,EMEA,Direct Sales,Professional Consulting,2,3796.06,0.0,7592.12,4175.67,3416.45,True
ORD-10720,2024-09-22,CUST-116,LATAM,Digital Self-Service,Enterprise Software,2,4681.51,10.0,9363.02,2340.76,7022.26,True
ORD-10721,2024-09-11,CUST-246,EMEA,Partner / Reseller,Hardware & Peripherals,3,807.84,5.0,2423.52,1744.93,678.59,True
ORD-10722,2024-09-28,CUST-281,North America,Inside Sales,Professional Consulting,3,3849.69,0.0,11549.07,6351.99,5197.08,True
ORD-10723,2024-09-29,CUST-155,EMEA,Partner / Reseller,Enterprise Software,5,2917.24,0.0,14586.2,3646.55,10939.65,True
ORD-10724,2024-09-26,CUST-229,North America,Inside Sales,Enterprise Software,1,1967.97,15.0,1967.97,491.99,1475.98,True
ORD-10725,2024-09-05,CUST-234,North America,Digital Self-Service,Enterprise Software,2,4709.82,0.0,9419.64,2354.91,7064.73,True
ORD-10726,2024-09-28,CUST-133,North America,Direct Sales,Enterprise Software,1,4932.64,5.0,4932.64,1233.16,3699.48,True
ORD-10727,2024-09-23,CUST-111,EMEA,Direct Sales,Professional Consulting,1,2695.02,0.0,2695.02,1482.26,1212.76,True
ORD-10728,2024-09-29,CUST-179,North America,Digital Self-Service,Enterprise Software,2,3178.2,5.0,6356.4,1589.1,4767.3,True
ORD-10729,2024-09-07,CUST-181,APAC,Direct Sales,Enterprise Software,1,1931.67,0.0,1931.67,482.92,1448.75,True
ORD-10730,2024-09-06,CUST-231,North America,Digital Self-Service,Enterprise Software,2,1257.98,5.0,2515.96,628.99,1886.97,True
ORD-10731,2024-09-09,CUST-162,North America,Digital Self-Service,Enterprise Software,1,3876.54,5.0,3876.54,969.13,2907.41,True
ORD-10732,2024-09-11,CUST-331,EMEA,Direct Sales,Cloud Services,1,506.52,0.0,506.52,177.28,329.24,True
ORD-10733,2024-09-03,CUST-251,EMEA,Inside Sales,Cloud Services,2,775.86,5.0,1551.72,543.1,1008.62,True
ORD-10734,2024-09-10,CUST-307,EMEA,Inside Sales,Enterprise Software,2,1952.96,5.0,3905.92,976.48,2929.44,True
ORD-10735,2024-09-03,CUST-216,North America,Inside Sales,Professional Consulting,1,7518.13,5.0,7518.13,4134.97,3383.16,True
ORD-10736,2024-09-08,CUST-193,North America,Digital Self-Service,Enterprise Software,1,4603.66,10.0,4603.66,1150.91,3452.75,True
ORD-10737,2024-09-29,CUST-128,North America,Inside Sales,Enterprise Software,1,3052.53,10.0,3052.53,763.13,2289.4,True
ORD-10738,2024-09-10,CUST-126,North America,Direct Sales,Professional Consulting,1,5626.64,0.0,5626.64,3094.65,2531.99,True
ORD-10739,2024-09-21,CUST-251,North America,Partner / Reseller,Enterprise Software,1,2348.05,5.0,2348.05,587.01,1761.04,True
ORD-10740,2024-09-16,CUST-251,North America,Inside Sales,Enterprise Software,3,2494.71,5.0,7484.13,1871.03,5613.1,True
ORD-10741,2024-09-11,CUST-119,APAC,Inside Sales,Cloud Services,2,895.92,0.0,1791.84,627.14,1164.7,True
ORD-10742,2024-09-20,CUST-145,North America,Inside Sales,Cloud Services,3,1565.68,0.0,4697.04,1643.96,3053.08,True
ORD-10743,2024-09-04,CUST-183,EMEA,Direct Sales,Cloud Services,3,1652.45,0.0,4957.35,1735.07,3222.28,True
ORD-10744,2024-09-27,CUST-307,North America,Partner / Reseller,Enterprise Software,2,3406.92,5.0,6813.84,1703.46,5110.38,True
ORD-10745,2024-09-15,CUST-150,North America,Digital Self-Service,Cloud Services,2,1218.96,0.0,2437.92,853.27,1584.65,True
ORD-10746,2024-09-26,CUST-211,EMEA,Digital Self-Service,Hardware & Peripherals,5,469.78,25.0,2348.9,1691.21,657.69,True
ORD-10747,2024-09-19,CUST-132,APAC,Direct Sales,Enterprise Software,1,4948.4,0.0,4948.4,1237.1,3711.3,True
ORD-10748,2024-09-18,CUST-350,North America,Digital Self-Service,Hardware & Peripherals,2,150.89,15.0,301.78,217.28,84.5,True
ORD-10749,2024-09-08,CUST-282,North America,Inside Sales,Cloud Services,2,1639.34,5.0,3278.68,1147.54,2131.14,True
ORD-10750,2024-09-07,CUST-198,APAC,Digital Self-Service,Cloud Services,1,1397.23,10.0,1397.23,489.03,908.2,True
ORD-10751,2024-09-05,CUST-102,North America,Direct Sales,Enterprise Software,1,4516.4,0.0,4516.4,1129.1,3387.3,True
ORD-10752,2024-09-29,CUST-121,North America,Inside Sales,Cloud Services,10,1317.14,15.0,13171.4,4609.99,8561.41,True
ORD-10753,2024-09-29,CUST-146,EMEA,Inside Sales,Professional Consulting,1,5626.58,5.0,5626.58,3094.62,2531.96,True
ORD-10754,2024-09-15,CUST-101,EMEA,Partner / Reseller,Enterprise Software,1,2057.82,10.0,2057.82,514.46,1543.36,True
ORD-10755,2024-09-09,CUST-350,North America,Inside Sales,Cloud Services,1,1546.95,10.0,1546.95,541.43,1005.52,True
ORD-10756,2024-09-04,CUST-286,APAC,Digital Self-Service,Cloud Services,1,2419.65,5.0,2419.65,846.88,1572.77,True
ORD-10757,2024-09-03,CUST-261,APAC,Direct Sales,Cloud Services,1,1681.15,5.0,1681.15,588.4,1092.75,True
ORD-10758,2024-09-18,CUST-187,EMEA,Direct Sales,Professional Consulting,1,3875.0,5.0,3875.0,2131.25,1743.75,True
ORD-10759,2024-09-17,CUST-190,LATAM,Digital Self-Service,Hardware & Peripherals,1,752.66,0.0,752.66,541.92,210.74,True
ORD-10760,2024-10-02,CUST-300,EMEA,Direct Sales,Cloud Services,1,1655.04,5.0,1655.04,579.26,1075.78,True
ORD-10761,2024-10-19,CUST-307,APAC,Direct Sales,Enterprise Software,10,1396.16,0.0,13961.6,3490.4,10471.2,True
ORD-10762,2024-10-03,CUST-164,North America,Digital Self-Service,Enterprise Software,2,1492.08,0.0,2984.16,746.04,2238.12,True
ORD-10763,2024-10-09,CUST-251,APAC,Inside Sales,Enterprise Software,1,1623.89,0.0,1623.89,405.97,1217.92,True
ORD-10764,2024-10-06,CUST-304,EMEA,Direct Sales,Enterprise Software,1,3862.94,0.0,3862.94,965.74,2897.2,True
ORD-10765,2024-10-03,CUST-314,EMEA,Inside Sales,Hardware & Peripherals,3,775.32,10.0,2325.96,1674.69,651.27,True
ORD-10766,2024-10-08,CUST-247,APAC,Digital Self-Service,Cloud Services,1,1924.6,0.0,1924.6,673.61,1250.99,True
ORD-10767,2024-10-09,CUST-202,EMEA,Inside Sales,Professional Consulting,1,2695.97,10.0,2695.97,1482.78,1213.19,True
ORD-10768,2024-10-25,CUST-199,EMEA,Partner / Reseller,Hardware & Peripherals,2,395.34,5.0,790.68,569.29,221.39,True
ORD-10769,2024-10-14,CUST-273,North America,Direct Sales,Enterprise Software,1,4723.45,0.0,4723.45,1180.86,3542.59,True
ORD-10770,2024-10-18,CUST-335,EMEA,Digital Self-Service,Cloud Services,1,2407.99,0.0,2407.99,842.8,1565.19,True
ORD-10771,2024-10-09,CUST-218,APAC,Partner / Reseller,Professional Consulting,2,3532.06,10.0,7064.12,3885.27,3178.85,True
ORD-10772,2024-10-19,CUST-146,North America,Direct Sales,Professional Consulting,2,5119.71,5.0,10239.42,5631.68,4607.74,True
ORD-10773,2024-10-27,CUST-275,North America,Partner / Reseller,Enterprise Software,1,2762.75,10.0,2762.75,690.69,2072.06,True
ORD-10774,2024-10-09,CUST-340,EMEA,Partner / Reseller,Enterprise Software,1,1290.06,25.0,1290.06,322.51,967.55,True
ORD-10775,2024-10-21,CUST-254,North America,Partner / Reseller,Enterprise Software,1,4839.62,15.0,4839.62,1209.9,3629.72,True
ORD-10776,2024-10-23,CUST-119,EMEA,Digital Self-Service,Enterprise Software,2,2319.36,10.0,4638.72,1159.68,3479.04,True
ORD-10777,2024-10-23,CUST-141,APAC,Digital Self-Service,Hardware & Peripherals,1,958.37,10.0,958.37,690.03,268.34,True
ORD-10778,2024-10-13,CUST-308,North America,Inside Sales,Enterprise Software,1,4984.64,0.0,4984.64,1246.16,3738.48,True
ORD-10779,2024-10-30,CUST-127,North America,Inside Sales,Enterprise Software,2,2692.01,0.0,5384.02,1346.01,4038.01,True
ORD-10780,2024-10-21,CUST-108,North America,Digital Self-Service,Enterprise Software,1,2878.01,10.0,2878.01,719.5,2158.51,True
ORD-10781,2024-10-01,CUST-338,North America,Inside Sales,Hardware & Peripherals,2,306.3,0.0,612.6,441.07,171.53,True
ORD-10782,2024-10-23,CUST-281,LATAM,Inside Sales,Enterprise Software,1,2687.06,5.0,2687.06,671.76,2015.3,True
ORD-10783,2024-10-13,CUST-238,North America,Inside Sales,Professional Consulting,2,6685.62,25.0,13371.24,7354.18,6017.06,True
ORD-10784,2024-10-27,CUST-191,North America,Digital Self-Service,Professional Consulting,1,2727.22,5.0,2727.22,1499.97,1227.25,True
ORD-10785,2024-10-21,CUST-318,LATAM,Direct Sales,Hardware & Peripherals,1,829.43,10.0,829.43,597.19,232.24,True
ORD-10786,2024-10-25,CUST-110,LATAM,Partner / Reseller,Professional Consulting,1,5886.76,0.0,5886.76,3237.72,2649.04,True
ORD-10787,2024-10-13,CUST-121,APAC,Inside Sales,Hardware & Peripherals,1,812.15,10.0,812.15,584.75,227.4,True
ORD-10788,2024-10-05,CUST-161,EMEA,Direct Sales,Enterprise Software,10,1296.39,10.0,12963.9,3240.97,9722.93,True
ORD-10789,2024-10-21,CUST-215,LATAM,Direct Sales,Enterprise Software,3,3228.97,0.0,9686.91,2421.73,7265.18,True
ORD-10790,2024-10-02,CUST-154,APAC,Inside Sales,Enterprise Software,1,3939.85,15.0,3939.85,984.96,2954.89,True
ORD-10791,2024-10-28,CUST-336,North America,Partner / Reseller,Professional Consulting,2,2893.72,5.0,5787.44,3183.09,2604.35,True
ORD-10792,2024-10-01,CUST-279,EMEA,Direct Sales,Cloud Services,1,2327.84,0.0,2327.84,814.74,1513.1,True
ORD-10793,2024-10-02,CUST-256,North America,Direct Sales,Hardware & Peripherals,1,1011.78,10.0,1011.78,728.48,283.3,True
ORD-10794,2024-10-04,CUST-116,APAC,Inside Sales,Enterprise Software,2,3460.91,0.0,6921.82,1730.45,5191.37,True
ORD-10795,2024-10-27,CUST-349,EMEA,Partner / Reseller,Hardware & Peripherals,1,862.32,0.0,862.32,620.87,241.45,True
ORD-10796,2024-10-26,CUST-116,North America,Partner / Reseller,Enterprise Software,1,1373.23,10.0,1373.23,343.31,1029.92,True
ORD-10797,2024-10-06,CUST-336,EMEA,Partner / Reseller,Cloud Services,1,1562.16,0.0,1562.16,546.76,1015.4,True
ORD-10798,2024-10-28,CUST-325,EMEA,Direct Sales,Cloud Services,1,1189.88,0.0,1189.88,416.46,773.42,True
ORD-10799,2024-10-30,CUST-206,EMEA,Inside Sales,Enterprise Software,3,3676.67,5.0,11030.01,2757.5,8272.51,True
ORD-10800,2024-10-07,CUST-161,LATAM,Direct Sales,Enterprise Software,1,2229.61,5.0,2229.61,557.4,1672.21,True
ORD-10801,2024-10-23,CUST-300,North America,Inside Sales,Cloud Services,2,2395.63,0.0,4791.26,1676.94,3114.32,True
ORD-10802,2024-10-08,CUST-258,North America,Partner / Reseller,Enterprise Software,10,4949.09,5.0,49490.9,12372.73,37118.17,True
ORD-10803,2024-10-21,CUST-303,North America,Inside Sales,Cloud Services,1,980.5,5.0,980.5,343.17,637.33,True
ORD-10804,2024-10-06,CUST-172,North America,Digital Self-Service,Cloud Services,2,490.54,0.0,981.08,343.38,637.7,True
ORD-10805,2024-10-26,CUST-113,LATAM,Partner / Reseller,Hardware & Peripherals,1,625.81,0.0,625.81,450.58,175.23,True
ORD-10806,2024-10-01,CUST-284,North America,Digital Self-Service,Cloud Services,3,643.74,5.0,1931.22,675.93,1255.29,True
ORD-10807,2024-10-24,CUST-183,North America,Partner / Reseller,Cloud Services,2,1083.94,10.0,2167.88,758.76,1409.12,True
ORD-10808,2024-10-28,CUST-249,EMEA,Inside Sales,Enterprise Software,1,4587.19,0.0,4587.19,1146.8,3440.39,True
ORD-10809,2024-10-30,CUST-217,EMEA,Digital Self-Service,Cloud Services,1,773.93,25.0,773.93,270.88,503.05,True
ORD-10810,2024-10-07,CUST-171,North America,Inside Sales,Enterprise Software,2,1321.96,5.0,2643.92,660.98,1982.94,True
ORD-10811,2024-10-06,CUST-140,APAC,Partner / Reseller,Professional Consulting,1,3319.12,5.0,3319.12,1825.52,1493.6,True
ORD-10812,2024-10-18,CUST-225,APAC,Partner / Reseller,Professional Consulting,3,2518.85,5.0,7556.55,4156.1,3400.45,True
ORD-10813,2024-10-27,CUST-323,North America,Digital Self-Service,Cloud Services,1,430.46,5.0,430.46,150.66,279.8,True
ORD-10814,2024-10-08,CUST-246,APAC,Inside Sales,Hardware & Peripherals,1,771.36,25.0,771.36,555.38,215.98,True
ORD-10815,2024-10-02,CUST-208,EMEA,Inside Sales,Hardware & Peripherals,1,920.15,10.0,920.15,662.51,257.64,True
ORD-10816,2024-10-23,CUST-242,APAC,Inside Sales,Professional Consulting,1,4714.65,15.0,4714.65,2593.06,2121.59,True
ORD-10817,2024-10-05,CUST-104,EMEA,Digital Self-Service,Enterprise Software,10,2108.44,0.0,21084.4,5271.1,15813.3,True
ORD-10818,2024-10-15,CUST-216,EMEA,Partner / Reseller,Professional Consulting,1,6483.72,15.0,6483.72,3566.05,2917.67,True
ORD-10819,2024-10-13,CUST-280,EMEA,Direct Sales,Enterprise Software,2,4511.9,0.0,9023.8,2255.95,6767.85,True
ORD-10820,2024-10-23,CUST-169,EMEA,Partner / Reseller,Enterprise Software,1,1324.31,10.0,1324.31,331.08,993.23,True
ORD-10821,2024-10-03,CUST-231,LATAM,Digital Self-Service,Cloud Services,5,1104.96,15.0,5524.8,1933.68,3591.12,True
ORD-10822,2024-10-04,CUST-193,North America,Direct Sales,Enterprise Software,1,2968.34,5.0,2968.34,742.09,2226.25,True
ORD-10823,2024-10-25,CUST-129,EMEA,Partner / Reseller,Enterprise Software,1,4928.76,10.0,4928.76,1232.19,3696.57,True
ORD-10824,2024-10-25,CUST-274,North America,Direct Sales,Enterprise Software,1,2540.3,0.0,2540.3,635.08,1905.22,True
ORD-10825,2024-10-12,CUST-220,EMEA,Digital Self-Service,Cloud Services,3,1453.05,5.0,4359.15,1525.7,2833.45,True
ORD-10826,2024-10-12,CUST-340,APAC,Partner / Reseller,Professional Consulting,3,7672.19,15.0,23016.57,12659.11,10357.46,True
ORD-10827,2024-10-15,CUST-345,LATAM,Direct Sales,Enterprise Software,1,2684.59,0.0,2684.59,671.15,2013.44,True
ORD-10828,2024-10-04,CUST-233,LATAM,Direct Sales,Cloud Services,3,1442.29,0.0,4326.87,1514.4,2812.47,True
ORD-10829,2024-10-22,CUST-213,APAC,Direct Sales,Cloud Services,1,677.26,0.0,677.26,237.04,440.22,True
ORD-10830,2024-10-03,CUST-233,EMEA,Inside Sales,Enterprise Software,3,4247.56,5.0,12742.68,3185.67,9557.01,True
ORD-10831,2024-10-21,CUST-278,EMEA,Inside Sales,Cloud Services,2,1085.24,5.0,2170.48,759.67,1410.81,True
ORD-10832,2024-10-19,CUST-166,North America,Digital Self-Service,Enterprise Software,1,4199.52,25.0,4199.52,1049.88,3149.64,True
ORD-10833,2024-10-25,CUST-344,North America,Partner / Reseller,Professional Consulting,1,2890.03,10.0,2890.03,1589.52,1300.51,True
ORD-10834,2024-10-10,CUST-331,EMEA,Partner / Reseller,Enterprise Software,2,1866.37,0.0,3732.74,933.18,2799.56,True
ORD-10835,2024-10-04,CUST-166,North America,Partner / Reseller,Enterprise Software,1,2403.18,5.0,2403.18,600.79,1802.39,True
ORD-10836,2024-10-02,CUST-214,EMEA,Partner / Reseller,Cloud Services,1,2453.85,5.0,2453.85,858.85,1595.0,True
ORD-10837,2024-10-04,CUST-137,LATAM,Digital Self-Service,Hardware & Peripherals,1,574.79,0.0,574.79,413.85,160.94,True
ORD-10838,2024-10-24,CUST-175,EMEA,Digital Self-Service,Cloud Services,2,1465.56,25.0,2931.12,1025.89,1905.23,True
ORD-10839,2024-10-25,CUST-244,EMEA,Inside Sales,Hardware & Peripherals,1,752.41,0.0,752.41,541.74,210.67,True
ORD-10840,2024-10-04,CUST-241,North America,Direct Sales,Professional Consulting,1,7401.05,5.0,7401.05,4070.58,3330.47,True
ORD-10841,2024-10-27,CUST-255,EMEA,Partner / Reseller,Enterprise Software,1,2558.1,10.0,2558.1,639.52,1918.58,True
ORD-10842,2024-10-25,CUST-214,EMEA,Direct Sales,Enterprise Software,1,1285.68,25.0,1285.68,321.42,964.26,True
ORD-10843,2024-10-13,CUST-341,North America,Digital Self-Service,Enterprise Software,2,2407.48,0.0,4814.96,1203.74,3611.22,True
ORD-10844,2024-10-23,CUST-172,North America,Digital Self-Service,Professional Consulting,1,4217.78,25.0,4217.78,2319.78,1898.0,True
ORD-10845,2024-10-28,CUST-289,LATAM,Inside Sales,Cloud Services,3,852.96,0.0,2558.88,895.61,1663.27,True
ORD-10846,2024-10-26,CUST-206,North America,Direct Sales,Professional Consulting,2,7386.34,0.0,14772.68,8124.97,6647.71,True
ORD-10847,2024-10-10,CUST-116,LATAM,Inside Sales,Cloud Services,10,2221.8,0.0,22218.0,7776.3,14441.7,True
ORD-10848,2024-10-14,CUST-218,EMEA,Partner / Reseller,Cloud Services,1,973.99,0.0,973.99,340.9,633.09,True
ORD-10849,2024-10-27,CUST-311,North America,Digital Self-Service,Enterprise Software,1,3304.69,5.0,3304.69,826.17,2478.52,True
ORD-10850,2024-10-24,CUST-167,North America,Inside Sales,Cloud Services,1,456.36,0.0,456.36,159.73,296.63,True
ORD-10851,2024-10-22,CUST-276,EMEA,Direct Sales,Hardware & Peripherals,1,588.01,0.0,588.01,423.37,164.64,True
ORD-10852,2024-10-09,CUST-192,EMEA,Inside Sales,Cloud Services,2,2438.31,15.0,4876.62,1706.82,3169.8,True
ORD-10853,2024-11-21,CUST-195,EMEA,Direct Sales,Cloud Services,3,2445.94,10.0,7337.82,2568.24,4769.58,True
ORD-10854,2024-11-06,CUST-277,North America,Partner / Reseller,Cloud Services,1,706.89,0.0,706.89,247.41,459.48,True
ORD-10855,2024-11-12,CUST-174,North America,Direct Sales,Cloud Services,1,2315.42,5.0,2315.42,810.4,1505.02,True
ORD-10856,2024-11-25,CUST-142,EMEA,Digital Self-Service,Cloud Services,2,2005.85,10.0,4011.7,1404.09,2607.61,True
ORD-10857,2024-11-22,CUST-192,North America,Digital Self-Service,Professional Consulting,2,3628.75,10.0,7257.5,3991.63,3265.87,True
ORD-10858,2024-11-01,CUST-205,North America,Partner / Reseller,Enterprise Software,2,2269.39,0.0,4538.78,1134.69,3404.09,True
ORD-10859,2024-11-05,CUST-243,EMEA,Direct Sales,Cloud Services,2,2146.3,5.0,4292.6,1502.41,2790.19,True
ORD-10860,2024-11-30,CUST-222,North America,Digital Self-Service,Enterprise Software,5,4311.61,0.0,21558.05,5389.51,16168.54,True
ORD-10861,2024-11-15,CUST-187,North America,Digital Self-Service,Hardware & Peripherals,2,777.53,0.0,1555.06,1119.64,435.42,True
ORD-10862,2024-11-27,CUST-276,North America,Partner / Reseller,Enterprise Software,2,1689.12,0.0,3378.24,844.56,2533.68,True
ORD-10863,2024-11-03,CUST-104,APAC,Inside Sales,Cloud Services,1,2002.35,0.0,2002.35,700.82,1301.53,True
ORD-10864,2024-11-04,CUST-220,North America,Digital Self-Service,Enterprise Software,2,3707.2,0.0,7414.4,1853.6,5560.8,True
ORD-10865,2024-11-10,CUST-335,EMEA,Partner / Reseller,Cloud Services,2,1984.56,0.0,3969.12,1389.19,2579.93,True
ORD-10866,2024-11-12,CUST-171,LATAM,Digital Self-Service,Enterprise Software,2,1753.12,0.0,3506.24,876.56,2629.68,True
ORD-10867,2024-11-28,CUST-245,North America,Direct Sales,Cloud Services,1,1929.96,5.0,1929.96,675.49,1254.47,True
ORD-10868,2024-11-23,CUST-237,North America,Direct Sales,Enterprise Software,3,2271.06,15.0,6813.18,1703.3,5109.88,True
ORD-10869,2024-11-30,CUST-250,North America,Direct Sales,Cloud Services,1,1886.29,0.0,1886.29,660.2,1226.09,True
ORD-10870,2024-11-12,CUST-204,North America,Digital Self-Service,Hardware & Peripherals,1,595.3,0.0,595.3,428.62,166.68,True
ORD-10871,2024-11-04,CUST-173,EMEA,Direct Sales,Cloud Services,1,1441.21,0.0,1441.21,504.42,936.79,True
ORD-10872,2024-11-16,CUST-179,EMEA,Inside Sales,Enterprise Software,2,2277.72,0.0,4555.44,1138.86,3416.58,True
ORD-10873,2024-11-14,CUST-117,APAC,Inside Sales,Enterprise Software,1,4450.39,15.0,4450.39,1112.6,3337.79,True
ORD-10874,2024-11-12,CUST-126,North America,Direct Sales,Enterprise Software,1,4995.15,0.0,4995.15,1248.79,3746.36,True
ORD-10875,2024-11-13,CUST-336,APAC,Partner / Reseller,Cloud Services,1,1640.17,0.0,1640.17,574.06,1066.11,True
ORD-10876,2024-11-07,CUST-131,North America,Inside Sales,Enterprise Software,10,3460.85,10.0,34608.5,8652.12,25956.38,True
ORD-10877,2024-11-09,CUST-293,APAC,Inside Sales,Professional Consulting,2,6595.83,0.0,13191.66,7255.41,5936.25,True
ORD-10878,2024-11-22,CUST-171,North America,Inside Sales,Cloud Services,1,1249.33,0.0,1249.33,437.27,812.06,True
ORD-10879,2024-11-09,CUST-107,North America,Direct Sales,Cloud Services,5,884.73,10.0,4423.65,1548.28,2875.37,True
ORD-10880,2024-11-16,CUST-273,North America,Digital Self-Service,Cloud Services,1,2441.35,5.0,2441.35,854.47,1586.88,True
ORD-10881,2024-11-04,CUST-226,APAC,Partner / Reseller,Professional Consulting,1,5966.48,0.0,5966.48,3281.56,2684.92,True
ORD-10882,2024-11-16,CUST-320,EMEA,Direct Sales,Cloud Services,1,949.5,25.0,949.5,332.32,617.18,True
ORD-10883,2024-11-02,CUST-215,North America,Inside Sales,Hardware & Peripherals,1,1074.13,5.0,1074.13,773.37,300.76,True
ORD-10884,2024-11-02,CUST-177,APAC,Partner / Reseller,Enterprise Software,3,3315.33,5.0,9945.99,2486.5,7459.49,True
ORD-10885,2024-11-05,CUST-245,EMEA,Inside Sales,Enterprise Software,2,2678.51,5.0,5357.02,1339.26,4017.76,True
ORD-10886,2024-11-28,CUST-251,LATAM,Digital Self-Service,Enterprise Software,1,1411.8,10.0,1411.8,352.95,1058.85,True
ORD-10887,2024-11-10,CUST-314,North America,Direct Sales,Enterprise Software,1,1306.96,10.0,1306.96,326.74,980.22,True
ORD-10888,2024-11-21,CUST-191,North America,Direct Sales,Enterprise Software,1,1569.93,5.0,1569.93,392.48,1177.45,True
ORD-10889,2024-11-08,CUST-276,North America,Digital Self-Service,Enterprise Software,1,2385.98,0.0,2385.98,596.5,1789.48,True
ORD-10890,2024-11-06,CUST-321,North America,Inside Sales,Enterprise Software,1,2439.24,0.0,2439.24,609.81,1829.43,True
ORD-10891,2024-11-23,CUST-246,North America,Direct Sales,Cloud Services,1,446.7,10.0,446.7,156.34,290.36,True
ORD-10892,2024-11-04,CUST-307,APAC,Digital Self-Service,Cloud Services,1,832.41,0.0,832.41,291.34,541.07,True
ORD-10893,2024-11-10,CUST-316,LATAM,Direct Sales,Enterprise Software,1,2856.77,10.0,2856.77,714.19,2142.58,True
ORD-10894,2024-11-18,CUST-246,North America,Partner / Reseller,Enterprise Software,1,2207.59,5.0,2207.59,551.9,1655.69,True
ORD-10895,2024-11-03,CUST-169,North America,Inside Sales,Professional Consulting,2,5469.16,5.0,10938.32,6016.08,4922.24,True
ORD-10896,2024-11-12,CUST-305,North America,Digital Self-Service,Professional Consulting,1,5909.22,0.0,5909.22,3250.07,2659.15,True
ORD-10897,2024-11-13,CUST-240,North America,Direct Sales,Enterprise Software,2,3158.4,5.0,6316.8,1579.2,4737.6,True
ORD-10898,2024-11-17,CUST-346,APAC,Inside Sales,Professional Consulting,1,5461.06,0.0,5461.06,3003.58,2457.48,True
ORD-10899,2024-11-21,CUST-211,LATAM,Direct Sales,Cloud Services,2,1690.29,5.0,3380.58,1183.2,2197.38,True
ORD-10900,2024-11-12,CUST-295,North America,Inside Sales,Cloud Services,2,904.79,5.0,1809.58,633.35,1176.23,True
ORD-10901,2024-11-28,CUST-205,North America,Digital Self-Service,Professional Consulting,1,2386.57,5.0,2386.57,1312.61,1073.96,True
ORD-10902,2024-11-09,CUST-138,North America,Partner / Reseller,Cloud Services,1,895.87,10.0,895.87,313.55,582.32,True
ORD-10903,2024-11-10,CUST-265,APAC,Partner / Reseller,Cloud Services,1,1575.63,0.0,1575.63,551.47,1024.16,True
ORD-10904,2024-11-05,CUST-240,North America,Direct Sales,Enterprise Software,1,4200.75,25.0,4200.75,1050.19,3150.56,True
ORD-10905,2024-11-16,CUST-180,EMEA,Direct Sales,Professional Consulting,3,2331.96,15.0,6995.88,3847.73,3148.15,True
ORD-10906,2024-11-14,CUST-201,LATAM,Partner / Reseller,Hardware & Peripherals,3,855.26,0.0,2565.78,1847.36,718.42,True
ORD-10907,2024-11-19,CUST-312,EMEA,Digital Self-Service,Professional Consulting,1,7597.61,5.0,7597.61,4178.69,3418.92,True
ORD-10908,2024-11-03,CUST-184,APAC,Inside Sales,Enterprise Software,3,1664.65,10.0,4993.95,1248.49,3745.46,True
ORD-10909,2024-11-24,CUST-144,North America,Digital Self-Service,Enterprise Software,1,2806.9,5.0,2806.9,701.73,2105.17,True
ORD-10910,2024-11-09,CUST-279,LATAM,Digital Self-Service,Professional Consulting,1,2335.55,5.0,2335.55,1284.55,1051.0,True
ORD-10911,2024-11-16,CUST-339,North America,Inside Sales,Cloud Services,3,2422.96,10.0,7268.88,2544.11,4724.77,True
ORD-10912,2024-11-27,CUST-108,APAC,Direct Sales,Enterprise Software,3,3652.51,5.0,10957.53,2739.38,8218.15,True
ORD-10913,2024-11-26,CUST-263,LATAM,Digital Self-Service,Cloud Services,1,931.26,15.0,931.26,325.94,605.32,True
ORD-10914,2024-11-22,CUST-199,North America,Inside Sales,Enterprise Software,3,4494.42,15.0,13483.26,3370.82,10112.44,True
ORD-10915,2024-11-30,CUST-160,North America,Partner / Reseller,Enterprise Software,3,1542.95,15.0,4628.85,1157.21,3471.64,True
ORD-10916,2024-11-21,CUST-302,North America,Direct Sales,Enterprise Software,2,4286.54,10.0,8573.08,2143.27,6429.81,True
ORD-10917,2024-11-16,CUST-283,North America,Direct Sales,Cloud Services,3,1267.22,10.0,3801.66,1330.58,2471.08,True
ORD-10918,2024-11-23,CUST-286,APAC,Digital Self-Service,Enterprise Software,1,1452.2,5.0,1452.2,363.05,1089.15,True
ORD-10919,2024-11-01,CUST-213,APAC,Partner / Reseller,Professional Consulting,1,5848.24,0.0,5848.24,3216.53,2631.71,True
ORD-10920,2024-11-07,CUST-140,North America,Partner / Reseller,Cloud Services,1,1058.82,10.0,1058.82,370.59,688.23,True
ORD-10921,2024-11-22,CUST-323,APAC,Digital Self-Service,Cloud Services,1,2372.78,0.0,2372.78,830.47,1542.31,True
ORD-10922,2024-11-19,CUST-206,North America,Inside Sales,Professional Consulting,1,6797.17,15.0,6797.17,3738.44,3058.73,True
ORD-10923,2024-11-27,CUST-336,EMEA,Partner / Reseller,Hardware & Peripherals,5,385.71,15.0,1928.55,1388.56,539.99,True
ORD-10924,2024-11-15,CUST-202,EMEA,Digital Self-Service,Enterprise Software,1,3864.79,0.0,3864.79,966.2,2898.59,True
ORD-10925,2024-11-12,CUST-234,North America,Inside Sales,Enterprise Software,1,3355.52,10.0,3355.52,838.88,2516.64,True
ORD-10926,2024-11-16,CUST-320,APAC,Digital Self-Service,Enterprise Software,1,3911.54,0.0,3911.54,977.88,2933.66,True
ORD-10927,2024-11-16,CUST-155,LATAM,Digital Self-Service,Enterprise Software,1,2838.97,10.0,2838.97,709.74,2129.23,True
ORD-10928,2024-11-07,CUST-174,LATAM,Partner / Reseller,Cloud Services,1,1257.9,5.0,1257.9,440.26,817.64,True
ORD-10929,2024-11-30,CUST-121,North America,Partner / Reseller,Enterprise Software,2,3415.03,15.0,6830.06,1707.52,5122.54,True
ORD-10930,2024-11-23,CUST-208,APAC,Digital Self-Service,Enterprise Software,1,2006.43,0.0,2006.43,501.61,1504.82,True
ORD-10931,2024-11-18,CUST-332,North America,Direct Sales,Enterprise Software,1,2464.88,0.0,2464.88,616.22,1848.66,True
ORD-10932,2024-11-17,CUST-194,North America,Direct Sales,Cloud Services,1,1035.27,5.0,1035.27,362.34,672.93,True
ORD-10933,2024-11-09,CUST-219,North America,Digital Self-Service,Enterprise Software,1,3072.79,10.0,3072.79,768.2,2304.59,True
ORD-10934,2024-11-14,CUST-132,EMEA,Digital Self-Service,Enterprise Software,1,1644.0,10.0,1644.0,411.0,1233.0,True
ORD-10935,2024-11-30,CUST-312,APAC,Digital Self-Service,Cloud Services,1,2295.86,5.0,2295.86,803.55,1492.31,True
ORD-10936,2024-11-14,CUST-295,LATAM,Inside Sales,Hardware & Peripherals,10,481.32,0.0,4813.2,3465.5,1347.7,True
ORD-10937,2024-11-05,CUST-141,EMEA,Inside Sales,Enterprise Software,1,1895.94,0.0,1895.94,473.99,1421.95,True
ORD-10938,2024-11-29,CUST-281,EMEA,Inside Sales,Hardware & Peripherals,1,192.83,5.0,192.83,138.84,53.99,True
ORD-10939,2024-11-28,CUST-152,APAC,Partner / Reseller,Professional Consulting,1,2888.32,10.0,2888.32,1588.58,1299.74,True
ORD-10940,2024-11-24,CUST-249,North America,Direct Sales,Cloud Services,3,972.86,5.0,2918.58,1021.5,1897.08,True
ORD-10941,2024-11-19,CUST-227,EMEA,Digital Self-Service,Enterprise Software,1,4697.57,0.0,4697.57,1174.39,3523.18,True
ORD-10942,2024-11-22,CUST-337,LATAM,Digital Self-Service,Hardware & Peripherals,1,278.09,0.0,278.09,200.22,77.87,True
ORD-10943,2024-11-03,CUST-260,LATAM,Direct Sales,Cloud Services,1,1886.18,0.0,1886.18,660.16,1226.02,True
ORD-10944,2024-11-02,CUST-287,LATAM,Partner / Reseller,Cloud Services,1,2396.88,0.0,2396.88,838.91,1557.97,True
ORD-10945,2024-11-02,CUST-290,North America,Inside Sales,Professional Consulting,2,3697.72,0.0,7395.44,4067.49,3327.95,True
ORD-10946,2024-11-09,CUST-122,North America,Partner / Reseller,Enterprise Software,3,4867.19,0.0,14601.57,3650.39,10951.18,True
ORD-10947,2024-11-25,CUST-139,North America,Inside Sales,Cloud Services,5,1759.05,10.0,8795.25,3078.34,5716.91,True
ORD-10948,2024-11-24,CUST-133,North America,Direct Sales,Professional Consulting,2,3860.61,10.0,7721.22,4246.67,3474.55,True
ORD-10949,2024-11-17,CUST-168,EMEA,Inside Sales,Enterprise Software,1,2892.68,0.0,2892.68,723.17,2169.51,True
ORD-10950,2024-11-14,CUST-209,North America,Digital Self-Service,Professional Consulting,1,5683.21,25.0,5683.21,3125.77,2557.44,True
ORD-10951,2024-11-22,CUST-226,EMEA,Direct Sales,Enterprise Software,1,3807.7,0.0,3807.7,951.92,2855.78,True
ORD-10952,2024-11-14,CUST-132,EMEA,Digital Self-Service,Enterprise Software,1,4245.87,10.0,4245.87,1061.47,3184.4,True
ORD-10953,2024-11-17,CUST-334,North America,Direct Sales,Cloud Services,2,1593.92,5.0,3187.84,1115.74,2072.1,True
ORD-10954,2024-11-14,CUST-164,North America,Direct Sales,Enterprise Software,2,3711.25,10.0,7422.5,1855.62,5566.88,True
ORD-10955,2024-11-01,CUST-146,APAC,Direct Sales,Enterprise Software,1,3714.0,0.0,3714.0,928.5,2785.5,True
ORD-10956,2024-11-29,CUST-293,EMEA,Digital Self-Service,Professional Consulting,2,3883.68,0.0,7767.36,4272.05,3495.31,True
ORD-10957,2024-11-30,CUST-291,LATAM,Digital Self-Service,Professional Consulting,1,3123.15,15.0,3123.15,1717.73,1405.42,True
ORD-10958,2024-11-04,CUST-103,North America,Inside Sales,Cloud Services,1,437.62,5.0,437.62,153.17,284.45,True
ORD-10959,2024-11-13,CUST-224,North America,Digital Self-Service,Professional Consulting,2,7794.82,5.0,15589.64,8574.3,7015.34,True
ORD-10960,2024-11-23,CUST-134,North America,Direct Sales,Cloud Services,1,2089.75,10.0,2089.75,731.41,1358.34,True
ORD-10961,2024-11-23,CUST-266,North America,Partner / Reseller,Hardware & Peripherals,1,1051.96,5.0,1051.96,757.41,294.55,True
ORD-10962,2024-11-21,CUST-297,EMEA,Inside Sales,Professional Consulting,1,5231.5,5.0,5231.5,2877.33,2354.17,True
ORD-10963,2024-11-04,CUST-346,EMEA,Direct Sales,Enterprise Software,2,1779.2,15.0,3558.4,889.6,2668.8,True
ORD-10964,2024-11-19,CUST-200,North America,Direct Sales,Enterprise Software,3,2320.36,0.0,6961.08,1740.27,5220.81,True
ORD-10965,2024-12-28,CUST-288,EMEA,Digital Self-Service,Professional Consulting,3,7876.92,0.0,23630.76,12996.92,10633.84,True
ORD-10966,2024-12-13,CUST-273,APAC,Inside Sales,Cloud Services,2,1641.18,0.0,3282.36,1148.83,2133.53,True
ORD-10967,2024-12-02,CUST-116,North America,Inside Sales,Cloud Services,1,1286.21,15.0,1286.21,450.17,836.04,True
ORD-10968,2024-12-04,CUST-278,North America,Partner / Reseller,Cloud Services,1,2371.83,0.0,2371.83,830.14,1541.69,True
ORD-10969,2024-12-07,CUST-250,APAC,Digital Self-Service,Cloud Services,1,1320.03,15.0,1320.03,462.01,858.02,True
ORD-10970,2024-12-28,CUST-175,EMEA,Inside Sales,Professional Consulting,1,5941.75,25.0,5941.75,3267.96,2673.79,True
ORD-10971,2024-12-27,CUST-220,APAC,Partner / Reseller,Hardware & Peripherals,1,835.13,5.0,835.13,601.29,233.84,True
ORD-10972,2024-12-10,CUST-144,North America,Inside Sales,Cloud Services,1,581.0,0.0,581.0,203.35,377.65,True
ORD-10973,2024-12-14,CUST-242,North America,Direct Sales,Hardware & Peripherals,1,668.41,0.0,668.41,481.26,187.15,True
ORD-10974,2024-12-09,CUST-328,EMEA,Direct Sales,Enterprise Software,3,1802.7,0.0,5408.1,1352.03,4056.07,True
ORD-10975,2024-12-04,CUST-166,LATAM,Digital Self-Service,Cloud Services,1,653.44,10.0,653.44,228.7,424.74,True
ORD-10976,2024-12-25,CUST-276,APAC,Direct Sales,Professional Consulting,1,3604.95,10.0,3604.95,1982.72,1622.23,True
ORD-10977,2024-12-30,CUST-293,North America,Direct Sales,Hardware & Peripherals,5,988.94,10.0,4944.7,3560.18,1384.52,True
ORD-10978,2024-12-20,CUST-110,EMEA,Partner / Reseller,Professional Consulting,3,7684.3,5.0,23052.9,12679.1,10373.8,True
ORD-10979,2024-12-28,CUST-281,North America,Inside Sales,Enterprise Software,2,2574.23,10.0,5148.46,1287.12,3861.34,True
ORD-10980,2024-12-04,CUST-131,APAC,Inside Sales,Enterprise Software,3,2582.2,25.0,7746.6,1936.65,5809.95,True
ORD-10981,2024-12-25,CUST-187,North America,Partner / Reseller,Professional Consulting,3,3471.9,0.0,10415.7,5728.64,4687.06,True
ORD-10982,2024-12-12,CUST-162,North America,Inside Sales,Professional Consulting,2,4490.05,10.0,8980.1,4939.06,4041.04,True
ORD-10983,2024-12-05,CUST-217,LATAM,Digital Self-Service,Professional Consulting,1,4480.46,15.0,4480.46,2464.25,2016.21,True
ORD-10984,2024-12-15,CUST-341,North America,Digital Self-Service,Enterprise Software,3,1237.81,0.0,3713.43,928.36,2785.07,True
ORD-10985,2024-12-25,CUST-269,LATAM,Partner / Reseller,Enterprise Software,2,1433.58,15.0,2867.16,716.79,2150.37,True
ORD-10986,2024-12-02,CUST-324,EMEA,Digital Self-Service,Hardware & Peripherals,2,1179.05,5.0,2358.1,1697.83,660.27,True
ORD-10987,2024-12-29,CUST-290,North America,Digital Self-Service,Cloud Services,1,1562.58,0.0,1562.58,546.9,1015.68,True
ORD-10988,2024-12-09,CUST-203,North America,Partner / Reseller,Hardware & Peripherals,1,790.92,15.0,790.92,569.46,221.46,True
ORD-10989,2024-12-20,CUST-327,APAC,Inside Sales,Professional Consulting,2,5912.22,10.0,11824.44,6503.44,5321.0,True
ORD-10990,2024-12-29,CUST-285,EMEA,Partner / Reseller,Enterprise Software,1,1340.49,5.0,1340.49,335.12,1005.37,True
ORD-10991,2024-12-18,CUST-233,North America,Partner / Reseller,Enterprise Software,2,1552.71,0.0,3105.42,776.36,2329.06,True
ORD-10992,2024-12-29,CUST-298,North America,Inside Sales,Professional Consulting,1,5555.02,25.0,5555.02,3055.26,2499.76,True
ORD-10993,2024-12-04,CUST-229,North America,Direct Sales,Professional Consulting,1,7049.5,10.0,7049.5,3877.23,3172.27,True
ORD-10994,2024-12-04,CUST-186,LATAM,Partner / Reseller,Cloud Services,1,1602.11,0.0,1602.11,560.74,1041.37,True
ORD-10995,2024-12-10,CUST-135,EMEA,Partner / Reseller,Cloud Services,2,2111.67,0.0,4223.34,1478.17,2745.17,True
ORD-10996,2024-12-17,CUST-125,North America,Inside Sales,Cloud Services,1,2127.97,10.0,2127.97,744.79,1383.18,True
ORD-10997,2024-12-03,CUST-154,North America,Digital Self-Service,Enterprise Software,1,2814.57,5.0,2814.57,703.64,2110.93,True
ORD-10998,2024-12-13,CUST-167,EMEA,Inside Sales,Cloud Services,1,1489.78,25.0,1489.78,521.42,968.36,True
ORD-10999,2024-12-23,CUST-310,North America,Partner / Reseller,Hardware & Peripherals,10,664.02,5.0,6640.2,4780.94,1859.26,True
ORD-11000,2024-12-15,CUST-130,EMEA,Inside Sales,Enterprise Software,3,3877.19,5.0,11631.57,2907.89,8723.68,True
ORD-11001,2024-12-24,CUST-130,EMEA,Inside Sales,Enterprise Software,5,3324.3,0.0,16621.5,4155.38,12466.12,True
ORD-11002,2024-12-12,CUST-195,North America,Digital Self-Service,Cloud Services,1,484.59,0.0,484.59,169.61,314.98,True
ORD-11003,2024-12-16,CUST-207,North America,Digital Self-Service,Enterprise Software,2,1742.9,15.0,3485.8,871.45,2614.35,True
ORD-11004,2024-12-07,CUST-240,North America,Direct Sales,Enterprise Software,1,4010.71,5.0,4010.71,1002.68,3008.03,True
ORD-11005,2024-12-19,CUST-196,EMEA,Partner / Reseller,Enterprise Software,1,2919.02,10.0,2919.02,729.75,2189.27,True
ORD-11006,2024-12-17,CUST-138,APAC,Digital Self-Service,Cloud Services,2,1999.53,0.0,3999.06,1399.67,2599.39,True
ORD-11007,2024-12-20,CUST-201,North America,Direct Sales,Cloud Services,1,1260.22,25.0,1260.22,441.08,819.14,True
ORD-11008,2024-12-29,CUST-142,EMEA,Digital Self-Service,Cloud Services,1,982.49,5.0,982.49,343.87,638.62,True
ORD-11009,2024-12-04,CUST-238,EMEA,Direct Sales,Cloud Services,5,578.82,25.0,2894.1,1012.93,1881.17,True
ORD-11010,2024-12-17,CUST-130,EMEA,Partner / Reseller,Enterprise Software,3,3008.18,25.0,9024.54,2256.14,6768.4,True
ORD-11011,2024-12-09,CUST-327,EMEA,Direct Sales,Professional Consulting,2,3471.72,10.0,6943.44,3818.89,3124.55,True
ORD-11012,2024-12-20,CUST-339,North America,Inside Sales,Enterprise Software,1,3437.79,0.0,3437.79,859.45,2578.34,True
ORD-11013,2024-12-01,CUST-129,LATAM,Partner / Reseller,Professional Consulting,1,3904.29,0.0,3904.29,2147.36,1756.93,True
ORD-11014,2024-12-06,CUST-204,EMEA,Direct Sales,Enterprise Software,1,1540.59,5.0,1540.59,385.15,1155.44,True
ORD-11015,2024-12-11,CUST-125,North America,Inside Sales,Enterprise Software,1,3910.54,15.0,3910.54,977.63,2932.91,True
ORD-11016,2024-12-09,CUST-151,North America,Partner / Reseller,Enterprise Software,1,4345.42,5.0,4345.42,1086.36,3259.06,True
ORD-11017,2024-12-25,CUST-181,EMEA,Inside Sales,Cloud Services,1,2393.65,0.0,2393.65,837.78,1555.87,True
ORD-11018,2024-12-01,CUST-168,EMEA,Direct Sales,Cloud Services,3,890.85,0.0,2672.55,935.39,1737.16,True
ORD-11019,2024-12-18,CUST-214,North America,Partner / Reseller,Cloud Services,2,663.7,10.0,1327.4,464.59,862.81,True
ORD-11020,2024-12-05,CUST-237,LATAM,Inside Sales,Enterprise Software,2,4944.17,0.0,9888.34,2472.09,7416.25,True
ORD-11021,2024-12-27,CUST-348,North America,Direct Sales,Cloud Services,1,2141.68,15.0,2141.68,749.59,1392.09,True
ORD-11022,2024-12-16,CUST-189,APAC,Partner / Reseller,Enterprise Software,2,2153.38,5.0,4306.76,1076.69,3230.07,True
ORD-11023,2024-12-17,CUST-117,North America,Inside Sales,Enterprise Software,1,1813.38,5.0,1813.38,453.35,1360.03,True
ORD-11024,2024-12-27,CUST-210,North America,Digital Self-Service,Enterprise Software,1,3314.62,15.0,3314.62,828.65,2485.97,True
ORD-11025,2024-12-11,CUST-169,North America,Digital Self-Service,Cloud Services,2,2457.24,0.0,4914.48,1720.07,3194.41,True
ORD-11026,2024-12-15,CUST-134,EMEA,Direct Sales,Hardware & Peripherals,3,494.88,5.0,1484.64,1068.94,415.7,True
ORD-11027,2024-12-01,CUST-329,EMEA,Inside Sales,Hardware & Peripherals,1,856.34,10.0,856.34,616.56,239.78,True
ORD-11028,2024-12-18,CUST-237,North America,Inside Sales,Enterprise Software,2,4531.54,5.0,9063.08,2265.77,6797.31,True
ORD-11029,2024-12-12,CUST-199,North America,Direct Sales,Hardware & Peripherals,2,545.2,0.0,1090.4,785.09,305.31,True
ORD-11030,2024-12-12,CUST-105,APAC,Digital Self-Service,Hardware & Peripherals,1,616.81,0.0,616.81,444.1,172.71,True
ORD-11031,2024-12-27,CUST-159,LATAM,Digital Self-Service,Cloud Services,2,1036.67,0.0,2073.34,725.67,1347.67,True
ORD-11032,2024-12-16,CUST-150,LATAM,Inside Sales,Hardware & Peripherals,1,892.32,0.0,892.32,642.47,249.85,True
ORD-11033,2024-12-09,CUST-268,APAC,Partner / Reseller,Cloud Services,2,1437.42,0.0,2874.84,1006.19,1868.65,True
ORD-11034,2024-12-05,CUST-319,North America,Digital Self-Service,Professional Consulting,5,2764.59,0.0,13822.95,7602.62,6220.33,True
ORD-11035,2024-12-22,CUST-257,North America,Inside Sales,Enterprise Software,2,4885.28,0.0,9770.56,2442.64,7327.92,True
ORD-11036,2024-12-14,CUST-340,North America,Inside Sales,Cloud Services,1,2380.46,0.0,2380.46,833.16,1547.3,True
ORD-11037,2024-12-22,CUST-111,APAC,Partner / Reseller,Cloud Services,1,1440.71,0.0,1440.71,504.25,936.46,True
ORD-11038,2024-12-30,CUST-149,North America,Direct Sales,Cloud Services,1,1342.61,25.0,1342.61,469.91,872.7,True
ORD-11039,2024-12-08,CUST-163,North America,Digital Self-Service,Hardware & Peripherals,1,595.01,0.0,595.01,428.41,166.6,True
ORD-11040,2024-12-21,CUST-106,EMEA,Digital Self-Service,Cloud Services,1,458.53,10.0,458.53,160.49,298.04,True
ORD-11041,2024-12-08,CUST-113,APAC,Partner / Reseller,Enterprise Software,1,2105.77,15.0,2105.77,526.44,1579.33,True
ORD-11042,2024-12-25,CUST-214,EMEA,Direct Sales,Cloud Services,1,1320.91,25.0,1320.91,462.32,858.59,True
ORD-11043,2024-12-30,CUST-116,APAC,Direct Sales,Enterprise Software,3,2390.46,15.0,7171.38,1792.85,5378.53,True
ORD-11044,2024-12-15,CUST-126,EMEA,Direct Sales,Enterprise Software,1,3520.81,0.0,3520.81,880.2,2640.61,True
ORD-11045,2024-12-13,CUST-321,EMEA,Direct Sales,Cloud Services,1,1696.33,5.0,1696.33,593.72,1102.61,True
ORD-11046,2024-12-15,CUST-186,EMEA,Direct Sales,Professional Consulting,2,7279.63,5.0,14559.26,8007.59,6551.67,True
ORD-11047,2024-12-11,CUST-282,North America,Partner / Reseller,Cloud Services,1,626.81,15.0,626.81,219.38,407.43,True
ORD-11048,2024-12-05,CUST-285,EMEA,Partner / Reseller,Cloud Services,1,938.2,0.0,938.2,328.37,609.83,True
ORD-11049,2024-12-26,CUST-231,LATAM,Digital Self-Service,Enterprise Software,2,1685.19,0.0,3370.38,842.6,2527.78,True
ORD-11050,2024-12-29,CUST-254,North America,Digital Self-Service,Cloud Services,1,705.81,25.0,705.81,247.03,458.78,True
ORD-11051,2024-12-17,CUST-229,APAC,Direct Sales,Cloud Services,1,1824.43,5.0,1824.43,638.55,1185.88,True
ORD-11052,2024-12-07,CUST-117,North America,Inside Sales,Hardware & Peripherals,1,822.58,5.0,822.58,592.26,230.32,True
ORD-11053,2024-12-15,CUST-346,North America,Digital Self-Service,Cloud Services,2,1095.41,5.0,2190.82,766.79,1424.03,True
ORD-11054,2024-12-06,CUST-226,North America,Direct Sales,Enterprise Software,3,4529.2,5.0,13587.6,3396.9,10190.7,True
ORD-11055,2024-12-23,CUST-288,APAC,Digital Self-Service,Enterprise Software,1,3570.9,10.0,3570.9,892.73,2678.17,True
ORD-11056,2024-12-13,CUST-192,North America,Digital Self-Service,Enterprise Software,10,1900.13,0.0,19001.3,4750.32,14250.98,True
ORD-11057,2024-12-04,CUST-333,APAC,Direct Sales,Enterprise Software,2,2873.55,25.0,5747.1,1436.78,4310.32,True
ORD-11058,2024-12-07,CUST-284,North America,Partner / Reseller,Enterprise Software,3,1861.76,0.0,5585.28,1396.32,4188.96,True
ORD-11059,2024-12-01,CUST-312,EMEA,Inside Sales,Enterprise Software,1,2194.8,5.0,2194.8,548.7,1646.1,True
ORD-11060,2024-12-29,CUST-161,North America,Digital Self-Service,Enterprise Software,1,4757.23,5.0,4757.23,1189.31,3567.92,True
ORD-11061,2024-12-17,CUST-324,EMEA,Direct Sales,Hardware & Peripherals,3,1197.58,0.0,3592.74,2586.77,1005.97,True
ORD-11062,2024-12-30,CUST-277,North America,Inside Sales,Enterprise Software,1,1920.64,25.0,1920.64,480.16,1440.48,True
ORD-11063,2024-12-08,CUST-318,EMEA,Partner / Reseller,Hardware & Peripherals,2,951.24,0.0,1902.48,1369.79,532.69,True
ORD-11064,2024-12-02,CUST-230,LATAM,Inside Sales,Cloud Services,1,988.15,0.0,988.15,345.85,642.3,True
ORD-11065,2024-12-03,CUST-142,EMEA,Digital Self-Service,Professional Consulting,2,6745.98,5.0,13491.96,7420.58,6071.38,True
ORD-11066,2024-12-15,CUST-223,EMEA,Inside Sales,Enterprise Software,1,3907.45,5.0,3907.45,976.86,2930.59,True
ORD-11067,2024-12-19,CUST-109,North America,Partner / Reseller,Cloud Services,2,2334.49,5.0,4668.98,1634.14,3034.84,True
ORD-11068,2024-12-08,CUST-246,North America,Digital Self-Service,Enterprise Software,3,2362.8,0.0,7088.4,1772.1,5316.3,True
ORD-11069,2024-12-03,CUST-190,North America,Direct Sales,Enterprise Software,1,1519.31,5.0,1519.31,379.83,1139.48,True
ORD-11070,2024-12-20,CUST-194,APAC,Digital Self-Service,Enterprise Software,1,2914.37,0.0,2914.37,728.59,2185.78,True
ORD-11071,2024-12-01,CUST-191,APAC,Digital Self-Service,Enterprise Software,2,2088.4,10.0,4176.8,1044.2,3132.6,True
ORD-11072,2024-12-17,CUST-158,North America,Direct Sales,Cloud Services,1,564.13,0.0,564.13,197.45,366.68,True
ORD-11073,2024-12-18,CUST-177,APAC,Digital Self-Service,Enterprise Software,1,1947.26,0.0,1947.26,486.81,1460.45,True
ORD-11074,2024-12-20,CUST-289,EMEA,Digital Self-Service,Hardware & Peripherals,2,1198.33,0.0,2396.66,1725.6,671.06,True
ORD-11075,2024-12-10,CUST-342,North America,Direct Sales,Enterprise Software,10,2517.2,5.0,25172.0,6293.0,18879.0,True
ORD-11076,2024-12-17,CUST-158,North America,Partner / Reseller,Hardware & Peripherals,3,1149.06,5.0,3447.18,2481.97,965.21,True
ORD-11077,2024-12-17,CUST-308,EMEA,Direct Sales,Cloud Services,1,1560.49,0.0,1560.49,546.17,1014.32,True
ORD-11078,2025-01-07,CUST-212,North America,Direct Sales,Cloud Services,1,2378.05,0.0,2378.05,898.9,1479.15,True
ORD-11079,2025-01-19,CUST-227,APAC,Digital Self-Service,Professional Consulting,2,3833.43,0.0,7666.86,4554.11,3112.75,True
ORD-11080,2025-01-14,CUST-276,EMEA,Digital Self-Service,Cloud Services,2,1980.51,5.0,3961.02,1497.27,2463.75,True
ORD-11081,2025-01-19,CUST-343,LATAM,Inside Sales,Professional Consulting,1,7532.87,25.0,7532.87,4474.52,3058.35,True
ORD-11082,2025-01-07,CUST-221,North America,Inside Sales,Hardware & Peripherals,1,216.89,5.0,216.89,168.65,48.24,True
ORD-11083,2025-01-10,CUST-108,APAC,Inside Sales,Enterprise Software,2,1596.39,0.0,3192.78,862.05,2330.73,True
ORD-11084,2025-01-07,CUST-159,North America,Direct Sales,Enterprise Software,1,4859.38,5.0,4859.38,1312.03,3547.35,True
ORD-11085,2025-01-12,CUST-205,North America,Direct Sales,Cloud Services,3,760.83,0.0,2282.49,862.78,1419.71,True
ORD-11086,2025-01-14,CUST-321,North America,Partner / Reseller,Cloud Services,5,544.4,0.0,2722.0,1028.92,1693.08,True
ORD-11087,2025-01-27,CUST-340,North America,Partner / Reseller,Professional Consulting,2,4848.68,5.0,9697.36,5760.23,3937.13,True
ORD-11088,2025-01-22,CUST-214,North America,Inside Sales,Cloud Services,10,823.58,5.0,8235.8,3113.13,5122.67,True
ORD-11089,2025-01-08,CUST-217,EMEA,Direct Sales,Cloud Services,3,2311.64,10.0,6934.92,2621.4,4313.52,True
ORD-11090,2025-01-10,CUST-315,EMEA,Digital Self-Service,Cloud Services,1,2329.68,0.0,2329.68,880.62,1449.06,True
ORD-11091,2025-01-27,CUST-330,EMEA,Inside Sales,Professional Consulting,1,3050.76,5.0,3050.76,1812.15,1238.61,True
ORD-11092,2025-01-30,CUST-278,LATAM,Partner / Reseller,Cloud Services,1,1866.9,15.0,1866.9,705.69,1161.21,True
ORD-11093,2025-01-06,CUST-334,North America,Partner / Reseller,Enterprise Software,1,3586.72,15.0,3586.72,968.41,2618.31,True
ORD-11094,2025-01-14,CUST-119,APAC,Digital Self-Service,Hardware & Peripherals,10,730.47,5.0,7304.7,5680.13,1624.57,True
ORD-11095,2025-01-06,CUST-118,EMEA,Inside Sales,Enterprise Software,1,3123.05,0.0,3123.05,843.22,2279.83,True
ORD-11096,2025-01-24,CUST-164,North America,Partner / Reseller,Enterprise Software,1,1938.73,0.0,1938.73,523.46,1415.27,True
ORD-11097,2025-01-24,CUST-268,North America,Inside Sales,Cloud Services,1,1368.85,0.0,1368.85,517.43,851.42,True
ORD-11098,2025-01-27,CUST-255,North America,Digital Self-Service,Enterprise Software,3,1813.19,0.0,5439.57,1468.68,3970.89,True
ORD-11099,2025-01-24,CUST-273,North America,Inside Sales,Enterprise Software,2,1494.82,0.0,2989.64,807.2,2182.44,True
ORD-11100,2025-01-07,CUST-213,EMEA,Direct Sales,Professional Consulting,1,7356.13,0.0,7356.13,4369.54,2986.59,True
ORD-11101,2025-01-10,CUST-196,APAC,Partner / Reseller,Cloud Services,1,1656.23,0.0,1656.23,626.05,1030.18,True
ORD-11102,2025-01-08,CUST-103,North America,Partner / Reseller,Enterprise Software,1,1260.95,5.0,1260.95,340.46,920.49,True
ORD-11103,2025-01-03,CUST-312,EMEA,Partner / Reseller,Enterprise Software,2,4552.69,0.0,9105.38,2458.45,6646.93,True
ORD-11104,2025-01-17,CUST-148,EMEA,Inside Sales,Enterprise Software,2,2443.14,15.0,4886.28,1319.3,3566.98,True
ORD-11105,2025-01-04,CUST-103,North America,Digital Self-Service,Enterprise Software,1,1602.36,0.0,1602.36,432.64,1169.72,True
ORD-11106,2025-01-07,CUST-266,EMEA,Direct Sales,Cloud Services,3,538.63,0.0,1615.89,610.81,1005.08,True
ORD-11107,2025-01-07,CUST-126,EMEA,Partner / Reseller,Cloud Services,1,2011.84,0.0,2011.84,760.48,1251.36,True
ORD-11108,2025-01-04,CUST-273,LATAM,Partner / Reseller,Cloud Services,2,2460.97,0.0,4921.94,1860.49,3061.45,True
ORD-11109,2025-01-21,CUST-270,EMEA,Digital Self-Service,Professional Consulting,10,6125.75,0.0,61257.5,36386.96,24870.54,True
ORD-11110,2025-01-30,CUST-159,EMEA,Direct Sales,Cloud Services,2,1202.98,0.0,2405.96,909.45,1496.51,True
ORD-11111,2025-01-20,CUST-209,APAC,Direct Sales,Professional Consulting,1,2744.34,0.0,2744.34,1630.14,1114.2,True
ORD-11112,2025-01-12,CUST-264,North America,Inside Sales,Cloud Services,1,824.22,10.0,824.22,311.56,512.66,True
ORD-11113,2025-01-11,CUST-110,EMEA,Inside Sales,Enterprise Software,2,2406.65,5.0,4813.3,1299.59,3513.71,True
ORD-11114,2025-01-10,CUST-187,North America,Direct Sales,Professional Consulting,2,3374.06,15.0,6748.12,4008.38,2739.74,True
ORD-11115,2025-01-22,CUST-156,EMEA,Inside Sales,Hardware & Peripherals,2,991.52,5.0,1983.04,1542.01,441.03,True
ORD-11116,2025-01-06,CUST-117,LATAM,Direct Sales,Cloud Services,3,412.69,5.0,1238.07,467.99,770.08,True
ORD-11117,2025-01-05,CUST-240,APAC,Partner / Reseller,Hardware & Peripherals,1,281.84,0.0,281.84,219.16,62.68,True
ORD-11118,2025-01-03,CUST-150,North America,Partner / Reseller,Cloud Services,1,1380.86,5.0,1380.86,521.97,858.89,True
ORD-11119,2025-01-10,CUST-169,APAC,Inside Sales,Enterprise Software,2,2903.43,0.0,5806.86,1567.85,4239.01,True
ORD-11120,2025-01-12,CUST-229,EMEA,Inside Sales,Enterprise Software,1,1837.51,10.0,1837.51,496.13,1341.38,True
ORD-11121,2025-01-27,CUST-209,APAC,Digital Self-Service,Hardware & Peripherals,2,656.1,5.0,1312.2,1020.37,291.83,True
ORD-11122,2025-01-05,CUST-178,EMEA,Inside Sales,Cloud Services,1,768.97,5.0,768.97,290.67,478.3,True
ORD-11123,2025-01-16,CUST-139,LATAM,Direct Sales,Enterprise Software,1,1719.29,0.0,1719.29,464.21,1255.08,True
ORD-11124,2025-01-17,CUST-206,LATAM,Digital Self-Service,Professional Consulting,1,4245.55,0.0,4245.55,2521.86,1723.69,True
ORD-11125,2025-01-10,CUST-109,LATAM,Direct Sales,Cloud Services,1,1635.45,0.0,1635.45,618.2,1017.25,True
ORD-11126,2025-01-19,CUST-297,LATAM,Digital Self-Service,Enterprise Software,5,4099.21,5.0,20496.05,5533.93,14962.12,True
ORD-11127,2025-01-16,CUST-198,LATAM,Partner / Reseller,Cloud Services,1,1173.18,0.0,1173.18,443.46,729.72,True
ORD-11128,2025-01-02,CUST-107,EMEA,Partner / Reseller,Hardware & Peripherals,2,529.49,0.0,1058.98,823.46,235.52,True
ORD-11129,2025-01-15,CUST-248,LATAM,Partner / Reseller,Hardware & Peripherals,1,304.74,0.0,304.74,236.97,67.77,True
ORD-11130,2025-01-25,CUST-280,EMEA,Direct Sales,Enterprise Software,1,3904.12,5.0,3904.12,1054.11,2850.01,True
ORD-11131,2025-01-07,CUST-277,North America,Inside Sales,Professional Consulting,1,2994.94,5.0,2994.94,1778.99,1215.95,True
ORD-11132,2025-01-24,CUST-122,North America,Digital Self-Service,Cloud Services,2,2240.44,10.0,4480.88,1693.77,2787.11,True
ORD-11133,2025-01-09,CUST-178,North America,Partner / Reseller,Professional Consulting,1,7580.1,10.0,7580.1,4502.58,3077.52,True
ORD-11134,2025-01-01,CUST-206,EMEA,Inside Sales,Enterprise Software,1,4140.23,0.0,4140.23,1117.86,3022.37,True
ORD-11135,2025-01-12,CUST-228,LATAM,Inside Sales,Enterprise Software,1,1710.46,5.0,1710.46,461.82,1248.64,True
ORD-11136,2025-01-07,CUST-294,North America,Inside Sales,Enterprise Software,1,1424.13,5.0,1424.13,384.52,1039.61,True
ORD-11137,2025-01-30,CUST-175,North America,Direct Sales,Cloud Services,1,2223.56,0.0,2223.56,840.51,1383.05,True
ORD-11138,2025-01-11,CUST-294,North America,Direct Sales,Enterprise Software,1,2092.16,0.0,2092.16,564.88,1527.28,True
ORD-11139,2025-01-01,CUST-154,EMEA,Direct Sales,Cloud Services,1,2057.34,0.0,2057.34,777.67,1279.67,True
ORD-11140,2025-01-17,CUST-221,APAC,Inside Sales,Hardware & Peripherals,5,949.43,0.0,4747.15,3691.38,1055.77,True
ORD-11141,2025-01-22,CUST-340,North America,Inside Sales,Hardware & Peripherals,3,1199.42,0.0,3598.26,2798.01,800.25,True
ORD-11142,2025-01-02,CUST-100,EMEA,Inside Sales,Hardware & Peripherals,3,1066.73,10.0,3200.19,2488.47,711.72,True
ORD-11143,2025-01-29,CUST-235,North America,Partner / Reseller,Hardware & Peripherals,1,176.96,0.0,176.96,137.6,39.36,True
ORD-11144,2025-01-20,CUST-269,North America,Digital Self-Service,Cloud Services,1,2226.69,0.0,2226.69,841.69,1385.0,True
ORD-11145,2025-01-12,CUST-273,North America,Inside Sales,Professional Consulting,2,7817.59,5.0,15635.18,9287.3,6347.88,True
ORD-11146,2025-01-20,CUST-341,LATAM,Direct Sales,Professional Consulting,5,4090.0,10.0,20450.0,12147.3,8302.7,True
ORD-11147,2025-01-10,CUST-324,EMEA,Direct Sales,Cloud Services,3,1895.08,0.0,5685.24,2149.02,3536.22,True
ORD-11148,2025-01-26,CUST-323,EMEA,Inside Sales,Enterprise Software,10,4362.95,25.0,43629.5,11779.97,31849.53,True
ORD-11149,2025-01-16,CUST-292,LATAM,Direct Sales,Cloud Services,1,905.89,0.0,905.89,342.43,563.46,True
ORD-11150,2025-01-23,CUST-198,APAC,Partner / Reseller,Enterprise Software,1,4730.21,10.0,4730.21,1277.16,3453.05,True
ORD-11151,2025-01-22,CUST-134,LATAM,Inside Sales,Cloud Services,1,2284.77,0.0,2284.77,863.64,1421.13,True
ORD-11152,2025-01-23,CUST-336,EMEA,Digital Self-Service,Enterprise Software,2,2050.46,0.0,4100.92,1107.25,2993.67,True
ORD-11153,2025-01-23,CUST-300,EMEA,Inside Sales,Professional Consulting,2,6350.17,10.0,12700.34,7544.0,5156.34,True
ORD-11154,2025-01-08,CUST-187,APAC,Partner / Reseller,Enterprise Software,1,2305.71,10.0,2305.71,622.54,1683.17,True
ORD-11155,2025-02-03,CUST-197,EMEA,Direct Sales,Cloud Services,1,667.58,0.0,667.58,252.35,415.23,True
ORD-11156,2025-02-18,CUST-181,APAC,Partner / Reseller,Cloud Services,10,2178.95,5.0,21789.5,8236.43,13553.07,True
ORD-11157,2025-02-19,CUST-318,EMEA,Partner / Reseller,Cloud Services,1,623.83,10.0,623.83,235.81,388.02,True
ORD-11158,2025-02-09,CUST-253,North America,Direct Sales,Professional Consulting,1,4999.0,5.0,4999.0,2969.41,2029.59,True
ORD-11159,2025-02-09,CUST-317,EMEA,Inside Sales,Cloud Services,1,1846.06,5.0,1846.06,697.81,1148.25,True
ORD-11160,2025-02-06,CUST-307,North America,Partner / Reseller,Cloud Services,1,1878.7,10.0,1878.7,710.15,1168.55,True
ORD-11161,2025-03-01,CUST-321,APAC,Inside Sales,Professional Consulting,1,6202.44,10.0,6202.44,3684.25,2518.19,True
ORD-11162,2025-02-09,CUST-105,EMEA,Digital Self-Service,Hardware & Peripherals,3,842.21,5.0,2526.63,1964.71,561.92,True
ORD-11163,2025-02-15,CUST-235,EMEA,Digital Self-Service,Hardware & Peripherals,1,945.6,5.0,945.6,735.3,210.3,True
ORD-11164,2025-02-06,CUST-182,APAC,Direct Sales,Professional Consulting,1,5288.06,10.0,5288.06,3141.11,2146.95,True
ORD-11165,2025-02-22,CUST-213,EMEA,Digital Self-Service,Enterprise Software,2,3687.61,15.0,7375.22,1991.31,5383.91,True
ORD-11166,2025-02-06,CUST-102,North America,Direct Sales,Enterprise Software,2,4043.85,5.0,8087.7,2183.68,5904.02,True
ORD-11167,2025-02-27,CUST-315,North America,Direct Sales,Enterprise Software,1,4811.51,0.0,4811.51,1299.11,3512.4,True
ORD-11168,2025-02-15,CUST-266,North America,Inside Sales,Enterprise Software,10,1399.39,25.0,13993.9,3778.35,10215.55,True
ORD-11169,2025-02-20,CUST-201,EMEA,Partner / Reseller,Professional Consulting,1,3470.01,5.0,3470.01,2061.19,1408.82,True
ORD-11170,2025-02-12,CUST-122,APAC,Inside Sales,Professional Consulting,2,7946.98,0.0,15893.96,9441.01,6452.95,True
ORD-11171,2025-02-20,CUST-131,EMEA,Partner / Reseller,Cloud Services,1,424.37,0.0,424.37,160.41,263.96,True
ORD-11172,2025-02-18,CUST-124,APAC,Partner / Reseller,Hardware & Peripherals,2,653.47,0.0,1306.94,1016.28,290.66,True
ORD-11173,2025-02-20,CUST-183,North America,Partner / Reseller,Professional Consulting,1,3790.18,5.0,3790.18,2251.37,1538.81,True
ORD-11174,2025-02-22,CUST-307,EMEA,Direct Sales,Enterprise Software,1,3313.03,5.0,3313.03,894.52,2418.51,True
ORD-11175,2025-02-18,CUST-292,APAC,Direct Sales,Cloud Services,2,2119.54,0.0,4239.08,1602.37,2636.71,True
ORD-11176,2025-02-19,CUST-180,North America,Partner / Reseller,Cloud Services,1,411.18,5.0,411.18,155.43,255.75,True
ORD-11177,2025-02-20,CUST-108,North America,Direct Sales,Enterprise Software,3,3337.49,5.0,10012.47,2703.37,7309.1,True
ORD-11178,2025-02-11,CUST-268,North America,Digital Self-Service,Hardware & Peripherals,10,330.18,0.0,3301.8,2567.48,734.32,True
ORD-11179,2025-02-16,CUST-135,EMEA,Digital Self-Service,Hardware & Peripherals,1,458.07,5.0,458.07,356.2,101.87,True
ORD-11180,2025-02-11,CUST-269,APAC,Partner / Reseller,Cloud Services,2,1472.24,0.0,2944.48,1113.01,1831.47,True
ORD-11181,2025-02-04,CUST-254,EMEA,Digital Self-Service,Enterprise Software,5,4363.99,0.0,21819.95,5891.39,15928.56,True
ORD-11182,2025-02-23,CUST-197,EMEA,Partner / Reseller,Cloud Services,1,556.16,5.0,556.16,210.23,345.93,True
ORD-11183,2025-02-02,CUST-136,EMEA,Direct Sales,Hardware & Peripherals,5,860.35,5.0,4301.75,3345.04,956.71,True
ORD-11184,2025-02-08,CUST-195,EMEA,Partner / Reseller,Hardware & Peripherals,1,881.64,5.0,881.64,685.56,196.08,True
ORD-11185,2025-02-04,CUST-346,EMEA,Direct Sales,Enterprise Software,1,4193.58,0.0,4193.58,1132.27,3061.31,True
ORD-11186,2025-02-17,CUST-263,North America,Digital Self-Service,Enterprise Software,1,3283.8,10.0,3283.8,886.63,2397.17,True
ORD-11187,2025-02-04,CUST-196,LATAM,Partner / Reseller,Professional Consulting,1,3354.59,0.0,3354.59,1992.63,1361.96,True
ORD-11188,2025-02-03,CUST-324,North America,Inside Sales,Professional Consulting,1,2741.02,0.0,2741.02,1628.17,1112.85,True
ORD-11189,2025-02-11,CUST-255,North America,Direct Sales,Professional Consulting,2,7192.39,0.0,14384.78,8544.56,5840.22,True
ORD-11190,2025-02-24,CUST-347,APAC,Inside Sales,Enterprise Software,2,2511.66,5.0,5023.32,1356.3,3667.02,True
ORD-11191,2025-02-04,CUST-268,North America,Inside Sales,Enterprise Software,2,3809.3,5.0,7618.6,2057.02,5561.58,True
ORD-11192,2025-02-08,CUST-281,APAC,Inside Sales,Enterprise Software,10,3956.59,10.0,39565.9,10682.79,28883.11,True
ORD-11193,2025-02-05,CUST-173,North America,Inside Sales,Cloud Services,1,1143.4,5.0,1143.4,432.21,711.19,True
ORD-11194,2025-02-22,CUST-319,North America,Digital Self-Service,Hardware & Peripherals,1,1004.72,5.0,1004.72,781.27,223.45,True
ORD-11195,2025-02-10,CUST-161,LATAM,Partner / Reseller,Professional Consulting,1,5808.06,5.0,5808.06,3449.99,2358.07,True
ORD-11196,2025-02-02,CUST-323,North America,Inside Sales,Professional Consulting,1,5324.96,5.0,5324.96,3163.03,2161.93,True
ORD-11197,2025-03-01,CUST-273,APAC,Direct Sales,Professional Consulting,1,4877.94,5.0,4877.94,2897.5,1980.44,True
ORD-11198,2025-02-19,CUST-208,EMEA,Digital Self-Service,Enterprise Software,1,4359.31,0.0,4359.31,1177.01,3182.3,True
ORD-11199,2025-02-23,CUST-341,EMEA,Direct Sales,Cloud Services,10,2332.96,5.0,23329.6,8818.59,14511.01,True
ORD-11200,2025-02-05,CUST-157,North America,Digital Self-Service,Cloud Services,1,2252.05,10.0,2252.05,851.27,1400.78,True
ORD-11201,2025-02-16,CUST-143,North America,Direct Sales,Enterprise Software,1,1393.44,0.0,1393.44,376.23,1017.21,True
ORD-11202,2025-02-21,CUST-130,North America,Inside Sales,Enterprise Software,2,3248.65,0.0,6497.3,1754.27,4743.03,True
ORD-11203,2025-02-06,CUST-336,North America,Direct Sales,Enterprise Software,1,3598.47,15.0,3598.47,971.59,2626.88,True
ORD-11204,2025-02-28,CUST-257,EMEA,Digital Self-Service,Cloud Services,1,1425.36,0.0,1425.36,538.79,886.57,True
ORD-11205,2025-01-31,CUST-102,North America,Inside Sales,Enterprise Software,1,3945.25,0.0,3945.25,1065.22,2880.03,True
ORD-11206,2025-02-16,CUST-224,North America,Digital Self-Service,Cloud Services,1,722.79,0.0,722.79,273.21,449.58,True
ORD-11207,2025-02-12,CUST-237,APAC,Direct Sales,Enterprise Software,3,2585.08,25.0,7755.24,2093.91,5661.33,True
ORD-11208,2025-02-21,CUST-211,North America,Partner / Reseller,Professional Consulting,1,2971.01,0.0,2971.01,1764.78,1206.23,True
ORD-11209,2025-02-09,CUST-330,North America,Partner / Reseller,Enterprise Software,2,2699.27,15.0,5398.54,1457.61,3940.93,True
ORD-11210,2025-02-21,CUST-226,APAC,Partner / Reseller,Hardware & Peripherals,1,274.73,0.0,274.73,213.63,61.1,True
ORD-11211,2025-02-24,CUST-289,APAC,Inside Sales,Professional Consulting,2,4399.26,0.0,8798.52,5226.32,3572.2,True
ORD-11212,2025-02-03,CUST-103,APAC,Partner / Reseller,Professional Consulting,1,2756.74,0.0,2756.74,1637.5,1119.24,True
ORD-11213,2025-02-26,CUST-211,EMEA,Digital Self-Service,Enterprise Software,2,4910.47,5.0,9820.94,2651.65,7169.29,True
ORD-11214,2025-02-24,CUST-147,North America,Direct Sales,Cloud Services,2,1696.99,15.0,3393.98,1282.92,2111.06,True
ORD-11215,2025-02-22,CUST-280,APAC,Direct Sales,Enterprise Software,1,4318.32,10.0,4318.32,1165.95,3152.37,True
ORD-11216,2025-02-16,CUST-261,EMEA,Partner / Reseller,Cloud Services,3,796.2,0.0,2388.6,902.89,1485.71,True
ORD-11217,2025-02-12,CUST-209,North America,Partner / Reseller,Enterprise Software,5,4963.52,0.0,24817.6,6700.75,18116.85,True
ORD-11218,2025-02-01,CUST-350,North America,Digital Self-Service,Enterprise Software,2,3194.89,5.0,6389.78,1725.24,4664.54,True
ORD-11219,2025-02-01,CUST-168,North America,Digital Self-Service,Cloud Services,1,1752.13,10.0,1752.13,662.31,1089.82,True
ORD-11220,2025-02-07,CUST-113,EMEA,Digital Self-Service,Enterprise Software,1,1380.71,0.0,1380.71,372.79,1007.92,True
ORD-11221,2025-02-15,CUST-164,LATAM,Digital Self-Service,Enterprise Software,1,3504.78,0.0,3504.78,946.29,2558.49,True
ORD-11222,2025-02-03,CUST-320,North America,Digital Self-Service,Enterprise Software,2,1251.91,10.0,2503.82,676.03,1827.79,True
ORD-11223,2025-02-11,CUST-160,EMEA,Partner / Reseller,Professional Consulting,2,5533.47,5.0,11066.94,6573.76,4493.18,True
ORD-11224,2025-02-02,CUST-130,North America,Partner / Reseller,Hardware & Peripherals,2,287.01,0.0,574.02,446.36,127.66,True
ORD-11225,2025-02-14,CUST-187,North America,Inside Sales,Hardware & Peripherals,1,228.62,25.0,228.62,177.77,50.85,True
ORD-11226,2025-02-06,CUST-207,EMEA,Digital Self-Service,Cloud Services,1,722.71,15.0,722.71,273.18,449.53,True
ORD-11227,2025-02-24,CUST-329,North America,Direct Sales,Professional Consulting,10,7440.89,15.0,74408.9,44198.89,30210.01,True
ORD-11228,2025-02-02,CUST-302,North America,Digital Self-Service,Cloud Services,5,1499.9,5.0,7499.5,2834.81,4664.69,True
ORD-11229,2025-02-04,CUST-348,EMEA,Inside Sales,Enterprise Software,1,4832.05,5.0,4832.05,1304.65,3527.4,True
ORD-11230,2025-02-17,CUST-292,EMEA,Inside Sales,Professional Consulting,1,7829.23,5.0,7829.23,4650.56,3178.67,True
ORD-11231,2025-02-08,CUST-251,EMEA,Inside Sales,Enterprise Software,2,1213.68,5.0,2427.36,655.39,1771.97,True
ORD-11232,2025-02-23,CUST-281,North America,Direct Sales,Cloud Services,1,1037.16,0.0,1037.16,392.05,645.11,True
ORD-11233,2025-03-04,CUST-341,APAC,Partner / Reseller,Cloud Services,2,1012.87,0.0,2025.74,765.73,1260.01,True
ORD-11234,2025-03-28,CUST-153,EMEA,Direct Sales,Enterprise Software,10,4924.09,5.0,49240.9,13295.04,35945.86,True
ORD-11235,2025-03-23,CUST-280,APAC,Digital Self-Service,Cloud Services,1,1175.13,10.0,1175.13,444.2,730.93,True
ORD-11236,2025-03-16,CUST-260,APAC,Digital Self-Service,Hardware & Peripherals,10,459.64,0.0,4596.4,3574.16,1022.24,True
ORD-11237,2025-03-11,CUST-350,APAC,Direct Sales,Enterprise Software,1,4892.1,10.0,4892.1,1320.87,3571.23,True
ORD-11238,2025-03-25,CUST-262,EMEA,Partner / Reseller,Enterprise Software,3,3684.53,10.0,11053.59,2984.47,8069.12,True
ORD-11239,2025-03-10,CUST-319,APAC,Partner / Reseller,Enterprise Software,2,1974.89,5.0,3949.78,1066.44,2883.34,True
ORD-11240,2025-03-26,CUST-123,EMEA,Inside Sales,Professional Consulting,3,4211.84,0.0,12635.52,7505.5,5130.02,True
ORD-11241,2025-03-30,CUST-146,EMEA,Direct Sales,Enterprise Software,5,3364.7,0.0,16823.5,4542.35,12281.15,True
ORD-11242,2025-03-31,CUST-117,North America,Inside Sales,Enterprise Software,2,2697.95,0.0,5395.9,1456.89,3939.01,True
ORD-11243,2025-04-01,CUST-135,EMEA,Direct Sales,Cloud Services,2,1245.26,5.0,2490.52,941.42,1549.1,True
ORD-11244,2025-03-15,CUST-312,EMEA,Direct Sales,Enterprise Software,1,1618.13,0.0,1618.13,436.9,1181.23,True
ORD-11245,2025-03-27,CUST-103,APAC,Direct Sales,Enterprise Software,2,1742.02,25.0,3484.04,940.69,2543.35,True
ORD-11246,2025-03-06,CUST-121,North America,Inside Sales,Cloud Services,3,2118.34,10.0,6355.02,2402.2,3952.82,True
ORD-11247,2025-03-31,CUST-139,North America,Digital Self-Service,Cloud Services,1,742.6,5.0,742.6,280.7,461.9,True
ORD-11248,2025-03-06,CUST-126,EMEA,Inside Sales,Enterprise Software,1,1369.2,0.0,1369.2,369.68,999.52,True
ORD-11249,2025-04-01,CUST-190,EMEA,Partner / Reseller,Enterprise Software,1,2061.37,15.0,2061.37,556.57,1504.8,True
ORD-11250,2025-03-24,CUST-128,EMEA,Direct Sales,Enterprise Software,3,4560.05,0.0,13680.15,3693.64,9986.51,True
ORD-11251,2025-03-12,CUST-336,LATAM,Direct Sales,Enterprise Software,1,3539.65,15.0,3539.65,955.71,2583.94,True
ORD-11252,2025-03-22,CUST-146,EMEA,Partner / Reseller,Enterprise Software,1,2828.79,15.0,2828.79,763.77,2065.02,True
ORD-11253,2025-03-24,CUST-126,North America,Inside Sales,Enterprise Software,1,4306.74,5.0,4306.74,1162.82,3143.92,True
ORD-11254,2025-04-01,CUST-301,North America,Partner / Reseller,Enterprise Software,2,4646.54,10.0,9293.08,2509.13,6783.95,True
ORD-11255,2025-03-07,CUST-301,LATAM,Direct Sales,Enterprise Software,2,2684.28,0.0,5368.56,1449.51,3919.05,True
ORD-11256,2025-03-16,CUST-132,North America,Inside Sales,Hardware & Peripherals,1,442.4,0.0,442.4,344.01,98.39,True
ORD-11257,2025-03-18,CUST-303,EMEA,Partner / Reseller,Cloud Services,1,1856.18,10.0,1856.18,701.64,1154.54,True
ORD-11258,2025-03-23,CUST-237,EMEA,Partner / Reseller,Hardware & Peripherals,1,552.34,0.0,552.34,429.5,122.84,True
ORD-11259,2025-03-21,CUST-307,APAC,Direct Sales,Professional Consulting,2,5161.68,0.0,10323.36,6132.08,4191.28,True
ORD-11260,2025-03-03,CUST-221,LATAM,Direct Sales,Enterprise Software,1,4432.26,0.0,4432.26,1196.71,3235.55,True
ORD-11261,2025-03-14,CUST-135,North America,Partner / Reseller,Enterprise Software,2,4427.45,10.0,8854.9,2390.82,6464.08,True
ORD-11262,2025-03-20,CUST-311,North America,Partner / Reseller,Hardware & Peripherals,1,1108.6,0.0,1108.6,862.05,246.55,True
ORD-11263,2025-03-25,CUST-347,North America,Direct Sales,Professional Consulting,1,4264.76,10.0,4264.76,2533.27,1731.49,True
ORD-11264,2025-03-24,CUST-140,North America,Digital Self-Service,Cloud Services,2,1401.34,0.0,2802.68,1059.41,1743.27,True
ORD-11265,2025-03-10,CUST-138,APAC,Inside Sales,Enterprise Software,3,3362.9,10.0,10088.7,2723.95,7364.75,True
ORD-11266,2025-03-26,CUST-284,North America,Direct Sales,Cloud Services,1,2392.41,0.0,2392.41,904.33,1488.08,True
ORD-11267,2025-03-07,CUST-144,EMEA,Direct Sales,Enterprise Software,2,3641.33,0.0,7282.66,1966.32,5316.34,True
ORD-11268,2025-03-16,CUST-312,North America,Digital Self-Service,Cloud Services,2,2239.55,10.0,4479.1,1693.1,2786.0,True
ORD-11269,2025-03-16,CUST-196,LATAM,Partner / Reseller,Hardware & Peripherals,1,435.42,10.0,435.42,338.58,96.84,True
ORD-11270,2025-03-15,CUST-290,LATAM,Direct Sales,Cloud Services,1,859.7,10.0,859.7,324.97,534.73,True
ORD-11271,2025-03-17,CUST-197,North America,Digital Self-Service,Cloud Services,1,1770.67,5.0,1770.67,669.31,1101.36,True
ORD-11272,2025-03-09,CUST-299,APAC,Direct Sales,Enterprise Software,1,1596.72,0.0,1596.72,431.11,1165.61,True
ORD-11273,2025-03-08,CUST-293,APAC,Partner / Reseller,Cloud Services,2,537.17,5.0,1074.34,406.1,668.24,True
ORD-11274,2025-03-23,CUST-245,EMEA,Inside Sales,Hardware & Peripherals,1,402.35,0.0,402.35,312.87,89.48,True
ORD-11275,2025-03-13,CUST-292,North America,Inside Sales,Enterprise Software,10,2372.7,5.0,23727.0,6406.29,17320.71,True
ORD-11276,2025-03-13,CUST-279,EMEA,Digital Self-Service,Professional Consulting,10,6354.13,5.0,63541.3,37743.53,25797.77,True
ORD-11277,2025-03-26,CUST-106,EMEA,Inside Sales,Cloud Services,2,1454.57,5.0,2909.14,1099.65,1809.49,True
ORD-11278,2025-03-30,CUST-218,North America,Direct Sales,Professional Consulting,1,3740.72,25.0,3740.72,2221.99,1518.73,True
ORD-11279,2025-03-10,CUST-296,EMEA,Digital Self-Service,Hardware & Peripherals,2,997.85,5.0,1995.7,1551.86,443.84,True
ORD-11280,2025-03-07,CUST-210,North America,Inside Sales,Enterprise Software,3,2569.2,0.0,7707.6,2081.05,5626.55,True
ORD-11281,2025-03-22,CUST-227,North America,Direct Sales,Cloud Services,2,2411.83,0.0,4823.66,1823.34,3000.32,True
ORD-11282,2025-03-30,CUST-329,North America,Direct Sales,Enterprise Software,2,4496.63,5.0,8993.26,2428.18,6565.08,True
ORD-11283,2025-03-08,CUST-193,North America,Direct Sales,Hardware & Peripherals,1,319.55,0.0,319.55,248.48,71.07,True
ORD-11284,2025-03-27,CUST-295,APAC,Partner / Reseller,Cloud Services,10,2470.9,15.0,24709.0,9340.0,15369.0,True
ORD-11285,2025-03-21,CUST-204,APAC,Partner / Reseller,Cloud Services,1,1163.29,5.0,1163.29,439.72,723.57,True
ORD-11286,2025-03-19,CUST-274,North America,Inside Sales,Professional Consulting,1,7712.27,0.0,7712.27,4581.09,3131.18,True
ORD-11287,2025-03-31,CUST-114,APAC,Partner / Reseller,Hardware & Peripherals,10,194.81,5.0,1948.1,1514.84,433.26,True
ORD-11288,2025-03-20,CUST-140,EMEA,Direct Sales,Enterprise Software,1,4441.63,0.0,4441.63,1199.24,3242.39,True
ORD-11289,2025-03-30,CUST-264,EMEA,Inside Sales,Cloud Services,1,596.36,0.0,596.36,225.42,370.94,True
ORD-11290,2025-03-08,CUST-296,North America,Inside Sales,Professional Consulting,5,7504.76,0.0,37523.8,22289.14,15234.66,True
ORD-11291,2025-03-13,CUST-289,EMEA,Digital Self-Service,Enterprise Software,1,3496.6,5.0,3496.6,944.08,2552.52,True
ORD-11292,2025-03-20,CUST-181,EMEA,Inside Sales,Enterprise Software,2,2985.88,0.0,5971.76,1612.38,4359.38,True
ORD-11293,2025-03-28,CUST-113,North America,Direct Sales,Enterprise Software,1,2834.42,25.0,2834.42,765.29,2069.13,True
ORD-11294,2025-03-24,CUST-136,North America,Inside Sales,Cloud Services,1,929.35,0.0,929.35,351.29,578.06,True
ORD-11295,2025-03-30,CUST-271,APAC,Partner / Reseller,Professional Consulting,1,7227.73,10.0,7227.73,4293.27,2934.46,True
ORD-11296,2025-03-05,CUST-176,North America,Digital Self-Service,Hardware & Peripherals,5,599.96,15.0,2999.8,2332.64,667.16,True
ORD-11297,2025-03-18,CUST-278,North America,Inside Sales,Cloud Services,1,1846.54,10.0,1846.54,697.99,1148.55,True
ORD-11298,2025-03-20,CUST-270,EMEA,Partner / Reseller,Professional Consulting,1,5582.77,0.0,5582.77,3316.17,2266.6,True
ORD-11299,2025-03-29,CUST-181,North America,Inside Sales,Hardware & Peripherals,2,929.98,15.0,1859.96,1446.3,413.66,True
ORD-11300,2025-03-18,CUST-204,North America,Direct Sales,Professional Consulting,5,2681.64,25.0,13408.2,7964.47,5443.73,True
ORD-11301,2025-03-29,CUST-248,North America,Partner / Reseller,Professional Consulting,2,5805.76,10.0,11611.52,6897.24,4714.28,True
ORD-11302,2025-03-09,CUST-196,North America,Partner / Reseller,Cloud Services,1,1546.78,25.0,1546.78,584.68,962.1,True
ORD-11303,2025-03-24,CUST-104,North America,Digital Self-Service,Cloud Services,3,430.18,5.0,1290.54,487.82,802.72,True
ORD-11304,2025-03-30,CUST-205,North America,Digital Self-Service,Enterprise Software,10,3096.7,10.0,30967.0,8361.09,22605.91,True
ORD-11305,2025-03-16,CUST-145,EMEA,Digital Self-Service,Cloud Services,1,2006.67,0.0,2006.67,758.52,1248.15,True
ORD-11306,2025-03-22,CUST-268,EMEA,Inside Sales,Enterprise Software,1,2856.33,5.0,2856.33,771.21,2085.12,True
ORD-11307,2025-03-25,CUST-122,APAC,Direct Sales,Cloud Services,3,2342.78,0.0,7028.34,2656.71,4371.63,True
ORD-11308,2025-03-03,CUST-292,EMEA,Direct Sales,Cloud Services,1,1263.69,5.0,1263.69,477.67,786.02,True
ORD-11309,2025-03-19,CUST-207,North America,Inside Sales,Cloud Services,1,468.53,5.0,468.53,177.1,291.43,True
ORD-11310,2025-03-06,CUST-347,APAC,Inside Sales,Enterprise Software,1,2984.38,5.0,2984.38,805.78,2178.6,True
ORD-11311,2025-03-29,CUST-340,North America,Partner / Reseller,Cloud Services,1,2047.73,5.0,2047.73,774.04,1273.69,True
ORD-11312,2025-03-11,CUST-303,APAC,Partner / Reseller,Professional Consulting,3,3586.99,0.0,10760.97,6392.02,4368.95,True
ORD-11313,2025-04-01,CUST-195,APAC,Digital Self-Service,Cloud Services,1,432.61,0.0,432.61,163.53,269.08,True
ORD-11314,2025-03-21,CUST-149,EMEA,Inside Sales,Hardware & Peripherals,10,403.92,10.0,4039.2,3140.88,898.32,True
ORD-11315,2025-03-28,CUST-199,LATAM,Partner / Reseller,Hardware & Peripherals,5,600.56,5.0,3002.8,2334.98,667.82,True
ORD-11316,2025-03-13,CUST-305,North America,Direct Sales,Cloud Services,1,1318.54,5.0,1318.54,498.41,820.13,True
ORD-11317,2025-03-28,CUST-314,EMEA,Digital Self-Service,Enterprise Software,3,4096.25,0.0,12288.75,3317.96,8970.79,True
ORD-11318,2025-03-05,CUST-139,North America,Direct Sales,Enterprise Software,2,1243.84,5.0,2487.68,671.67,1816.01,True
ORD-11319,2025-03-03,CUST-261,APAC,Partner / Reseller,Professional Consulting,1,2783.29,0.0,2783.29,1653.27,1130.02,True
ORD-11320,2025-03-31,CUST-285,APAC,Inside Sales,Enterprise Software,3,1936.55,10.0,5809.65,1568.61,4241.04,True
ORD-11321,2025-03-24,CUST-105,EMEA,Direct Sales,Enterprise Software,1,1515.26,0.0,1515.26,409.12,1106.14,True
ORD-11322,2025-04-01,CUST-329,North America,Direct Sales,Cloud Services,1,624.86,5.0,624.86,236.2,388.66,True
ORD-11323,2025-03-14,CUST-303,North America,Direct Sales,Hardware & Peripherals,1,368.37,5.0,368.37,286.44,81.93,True
ORD-11324,2025-03-23,CUST-180,EMEA,Inside Sales,Enterprise Software,1,3811.88,10.0,3811.88,1029.21,2782.67,True
ORD-11325,2025-03-08,CUST-261,EMEA,Direct Sales,Enterprise Software,2,4633.83,0.0,9267.66,2502.27,6765.39,True
ORD-11326,2025-03-13,CUST-239,North America,Digital Self-Service,Hardware & Peripherals,2,658.11,15.0,1316.22,1023.49,292.73,True
ORD-11327,2025-03-09,CUST-294,North America,Digital Self-Service,Cloud Services,1,1525.5,0.0,1525.5,576.64,948.86,True
ORD-11328,2025-03-09,CUST-277,LATAM,Digital Self-Service,Enterprise Software,1,1726.55,0.0,1726.55,466.17,1260.38,True
ORD-11329,2025-03-09,CUST-175,EMEA,Inside Sales,Hardware & Peripherals,2,515.98,5.0,1031.96,802.45,229.51,True
ORD-11330,2025-03-15,CUST-316,APAC,Digital Self-Service,Hardware & Peripherals,1,412.6,25.0,412.6,320.84,91.76,True
ORD-11331,2025-04-05,CUST-303,North America,Inside Sales,Cloud Services,1,2009.54,5.0,2009.54,759.61,1249.93,True
ORD-11332,2025-04-16,CUST-259,North America,Inside Sales,Cloud Services,3,1968.87,5.0,5906.61,2232.7,3673.91,True
ORD-11333,2025-04-20,CUST-215,North America,Direct Sales,Enterprise Software,3,4612.0,25.0,13836.0,3735.72,10100.28,True
ORD-11334,2025-04-10,CUST-265,LATAM,Digital Self-Service,Cloud Services,3,1016.29,0.0,3048.87,1152.47,1896.4,True
ORD-11335,2025-04-05,CUST-191,North America,Partner / Reseller,Enterprise Software,2,2426.19,5.0,4852.38,1310.14,3542.24,True
ORD-11336,2025-04-13,CUST-276,North America,Digital Self-Service,Enterprise Software,1,2394.92,0.0,2394.92,646.63,1748.29,True
ORD-11337,2025-04-20,CUST-198,North America,Partner / Reseller,Professional Consulting,2,7392.46,5.0,14784.92,8782.24,6002.68,True
ORD-11338,2025-04-05,CUST-306,APAC,Direct Sales,Cloud Services,5,1904.16,5.0,9520.8,3598.86,5921.94,True
ORD-11339,2025-04-22,CUST-181,North America,Direct Sales,Cloud Services,1,1988.02,10.0,1988.02,751.47,1236.55,True
ORD-11340,2025-04-17,CUST-215,North America,Digital Self-Service,Enterprise Software,1,2242.78,5.0,2242.78,605.55,1637.23,True
ORD-11341,2025-04-09,CUST-319,EMEA,Direct Sales,Cloud Services,2,998.58,15.0,1997.16,754.93,1242.23,True
ORD-11342,2025-04-11,CUST-236,LATAM,Direct Sales,Enterprise Software,1,4874.04,0.0,4874.04,1315.99,3558.05,True
ORD-11343,2025-04-02,CUST-285,North America,Digital Self-Service,Enterprise Software,3,1561.46,10.0,4684.38,1264.78,3419.6,True
ORD-11344,2025-04-14,CUST-112,North America,Inside Sales,Enterprise Software,1,4143.53,5.0,4143.53,1118.75,3024.78,True
ORD-11345,2025-04-22,CUST-258,North America,Partner / Reseller,Hardware & Peripherals,1,277.48,0.0,277.48,215.77,61.71,True
ORD-11346,2025-04-02,CUST-285,North America,Partner / Reseller,Enterprise Software,3,4975.45,0.0,14926.35,4030.11,10896.24,True
ORD-11347,2025-04-25,CUST-101,LATAM,Direct Sales,Hardware & Peripherals,3,537.32,0.0,1611.96,1253.46,358.5,True
ORD-11348,2025-04-27,CUST-167,North America,Inside Sales,Enterprise Software,1,1382.41,0.0,1382.41,373.25,1009.16,True
ORD-11349,2025-04-07,CUST-181,APAC,Inside Sales,Hardware & Peripherals,1,762.63,5.0,762.63,593.02,169.61,True
ORD-11350,2025-04-23,CUST-269,EMEA,Digital Self-Service,Enterprise Software,2,3204.84,0.0,6409.68,1730.61,4679.07,True
ORD-11351,2025-04-25,CUST-282,North America,Partner / Reseller,Cloud Services,2,592.78,5.0,1185.56,448.14,737.42,True
ORD-11352,2025-04-25,CUST-226,North America,Direct Sales,Professional Consulting,1,6169.79,5.0,6169.79,3664.86,2504.93,True
ORD-11353,2025-04-16,CUST-153,APAC,Digital Self-Service,Professional Consulting,1,3127.5,10.0,3127.5,1857.74,1269.76,True
ORD-11354,2025-04-11,CUST-127,LATAM,Partner / Reseller,Professional Consulting,3,5931.74,15.0,17795.22,10570.36,7224.86,True
ORD-11355,2025-04-14,CUST-299,North America,Direct Sales,Hardware & Peripherals,1,1061.25,0.0,1061.25,825.23,236.02,True
ORD-11356,2025-04-07,CUST-126,North America,Direct Sales,Cloud Services,2,2398.14,10.0,4796.28,1812.99,2983.29,True
ORD-11357,2025-04-09,CUST-221,EMEA,Inside Sales,Enterprise Software,1,2951.22,0.0,2951.22,796.83,2154.39,True
ORD-11358,2025-04-05,CUST-138,North America,Inside Sales,Hardware & Peripherals,1,238.27,5.0,238.27,185.28,52.99,True
ORD-11359,2025-04-03,CUST-197,APAC,Inside Sales,Cloud Services,1,1176.54,0.0,1176.54,444.73,731.81,True
ORD-11360,2025-04-08,CUST-226,EMEA,Direct Sales,Cloud Services,1,1647.5,5.0,1647.5,622.75,1024.75,True
ORD-11361,2025-04-22,CUST-329,North America,Digital Self-Service,Enterprise Software,1,1622.11,0.0,1622.11,437.97,1184.14,True
ORD-11362,2025-04-19,CUST-283,North America,Inside Sales,Enterprise Software,2,2060.57,0.0,4121.14,1112.71,3008.43,True
ORD-11363,2025-04-25,CUST-143,APAC,Digital Self-Service,Professional Consulting,1,6150.1,5.0,6150.1,3653.16,2496.94,True
ORD-11364,2025-04-24,CUST-228,APAC,Inside Sales,Cloud Services,1,1941.15,10.0,1941.15,733.75,1207.4,True
ORD-11365,2025-04-29,CUST-117,North America,Digital Self-Service,Hardware & Peripherals,1,400.55,15.0,400.55,311.47,89.08,True
ORD-11366,2025-04-06,CUST-105,North America,Digital Self-Service,Hardware & Peripherals,1,849.33,15.0,849.33,660.44,188.89,True
ORD-11367,2025-04-07,CUST-348,EMEA,Direct Sales,Cloud Services,2,2191.49,5.0,4382.98,1656.77,2726.21,True
ORD-11368,2025-04-09,CUST-274,LATAM,Partner / Reseller,Cloud Services,1,494.87,5.0,494.87,187.06,307.81,True
ORD-11369,2025-04-07,CUST-305,APAC,Inside Sales,Professional Consulting,1,6651.54,5.0,6651.54,3951.01,2700.53,True
ORD-11370,2025-04-13,CUST-193,EMEA,Digital Self-Service,Hardware & Peripherals,1,420.21,0.0,420.21,326.76,93.45,True
ORD-11371,2025-04-12,CUST-330,APAC,Inside Sales,Hardware & Peripherals,3,963.25,0.0,2889.75,2247.07,642.68,True
ORD-11372,2025-04-23,CUST-205,APAC,Partner / Reseller,Cloud Services,1,1743.58,0.0,1743.58,659.07,1084.51,True
ORD-11373,2025-04-02,CUST-192,North America,Direct Sales,Enterprise Software,10,4015.85,0.0,40158.5,10842.8,29315.7,True
ORD-11374,2025-04-14,CUST-273,EMEA,Inside Sales,Cloud Services,3,2427.45,25.0,7282.35,2752.73,4529.62,True
ORD-11375,2025-04-30,CUST-327,North America,Inside Sales,Cloud Services,2,957.15,15.0,1914.3,723.61,1190.69,True
ORD-11376,2025-04-10,CUST-187,APAC,Direct Sales,Enterprise Software,1,1356.18,5.0,1356.18,366.17,990.01,True
ORD-11377,2025-04-16,CUST-128,LATAM,Inside Sales,Cloud Services,1,2064.3,15.0,2064.3,780.31,1283.99,True
ORD-11378,2025-04-06,CUST-259,EMEA,Partner / Reseller,Cloud Services,5,715.48,0.0,3577.4,1352.26,2225.14,True
ORD-11379,2025-04-11,CUST-155,North America,Direct Sales,Enterprise Software,1,2319.96,0.0,2319.96,626.39,1693.57,True
ORD-11380,2025-04-11,CUST-112,North America,Digital Self-Service,Enterprise Software,3,2538.57,15.0,7615.71,2056.24,5559.47,True
ORD-11381,2025-04-27,CUST-139,LATAM,Digital Self-Service,Professional Consulting,2,5991.96,0.0,11983.92,7118.45,4865.47,True
ORD-11382,2025-04-25,CUST-156,North America,Digital Self-Service,Enterprise Software,1,3423.85,0.0,3423.85,924.44,2499.41,True
ORD-11383,2025-04-23,CUST-125,APAC,Digital Self-Service,Cloud Services,5,1287.38,5.0,6436.9,2433.15,4003.75,True
ORD-11384,2025-04-07,CUST-248,North America,Partner / Reseller,Cloud Services,1,1825.74,0.0,1825.74,690.13,1135.61,True
ORD-11385,2025-04-15,CUST-245,LATAM,Inside Sales,Cloud Services,1,1032.23,5.0,1032.23,390.18,642.05,True
ORD-11386,2025-04-14,CUST-234,North America,Digital Self-Service,Professional Consulting,1,7003.11,5.0,7003.11,4159.85,2843.26,True
ORD-11387,2025-04-23,CUST-207,LATAM,Inside Sales,Professional Consulting,1,4810.27,0.0,4810.27,2857.3,1952.97,True
ORD-11388,2025-04-19,CUST-135,EMEA,Digital Self-Service,Enterprise Software,1,4113.72,10.0,4113.72,1110.7,3003.02,True
ORD-11389,2025-04-20,CUST-244,APAC,Direct Sales,Cloud Services,1,667.28,10.0,667.28,252.23,415.05,True
ORD-11390,2025-04-14,CUST-295,APAC,Inside Sales,Enterprise Software,1,3746.3,10.0,3746.3,1011.5,2734.8,True
ORD-11391,2025-04-04,CUST-185,EMEA,Digital Self-Service,Enterprise Software,2,4353.6,5.0,8707.2,2350.94,6356.26,True
ORD-11392,2025-04-24,CUST-272,EMEA,Direct Sales,Enterprise Software,2,1431.29,10.0,2862.58,772.9,2089.68,True
ORD-11393,2025-04-18,CUST-157,APAC,Partner / Reseller,Enterprise Software,1,4013.61,0.0,4013.61,1083.67,2929.94,True
ORD-11394,2025-04-11,CUST-259,EMEA,Direct Sales,Professional Consulting,3,7619.19,0.0,22857.57,13577.4,9280.17,True
ORD-11395,2025-04-06,CUST-152,North America,Direct Sales,Cloud Services,1,654.17,10.0,654.17,247.28,406.89,True
ORD-11396,2025-04-16,CUST-223,LATAM,Partner / Reseller,Enterprise Software,1,4718.97,10.0,4718.97,1274.12,3444.85,True
ORD-11397,2025-04-19,CUST-268,EMEA,Inside Sales,Enterprise Software,1,3528.49,0.0,3528.49,952.69,2575.8,True
ORD-11398,2025-04-02,CUST-143,EMEA,Partner / Reseller,Enterprise Software,2,4310.49,5.0,8620.98,2327.66,6293.32,True
ORD-11399,2025-04-11,CUST-194,EMEA,Inside Sales,Enterprise Software,2,1580.07,0.0,3160.14,853.24,2306.9,True
ORD-11400,2025-04-27,CUST-107,North America,Direct Sales,Enterprise Software,1,2784.21,5.0,2784.21,751.74,2032.47,True
ORD-11401,2025-04-02,CUST-268,EMEA,Direct Sales,Cloud Services,2,471.58,15.0,943.16,356.51,586.65,True
ORD-11402,2025-04-13,CUST-170,North America,Partner / Reseller,Hardware & Peripherals,2,641.3,0.0,1282.6,997.35,285.25,True
ORD-11403,2025-04-29,CUST-234,North America,Direct Sales,Professional Consulting,3,3264.68,0.0,9794.04,5817.66,3976.38,True
ORD-11404,2025-04-06,CUST-283,APAC,Partner / Reseller,Enterprise Software,1,3932.99,0.0,3932.99,1061.91,2871.08,True
ORD-11405,2025-04-26,CUST-314,EMEA,Inside Sales,Cloud Services,1,2339.3,25.0,2339.3,884.26,1455.04,True
ORD-11406,2025-04-21,CUST-298,EMEA,Digital Self-Service,Cloud Services,5,1609.68,0.0,8048.4,3042.3,5006.1,True
ORD-11407,2025-04-12,CUST-312,North America,Direct Sales,Cloud Services,2,1619.52,0.0,3239.04,1224.36,2014.68,True
ORD-11408,2025-04-25,CUST-339,EMEA,Digital Self-Service,Enterprise Software,1,1566.85,10.0,1566.85,423.05,1143.8,True
ORD-11409,2025-04-26,CUST-330,APAC,Inside Sales,Professional Consulting,1,6395.88,10.0,6395.88,3799.15,2596.73,True
ORD-11410,2025-04-15,CUST-109,APAC,Direct Sales,Hardware & Peripherals,1,215.02,5.0,215.02,167.2,47.82,True
ORD-11411,2025-04-13,CUST-182,North America,Inside Sales,Cloud Services,5,2165.43,0.0,10827.15,4092.66,6734.49,True
ORD-11412,2025-04-22,CUST-212,EMEA,Partner / Reseller,Cloud Services,1,819.44,0.0,819.44,309.75,509.69,True
ORD-11413,2025-04-07,CUST-122,EMEA,Direct Sales,Cloud Services,2,1509.91,0.0,3019.82,1141.49,1878.33,True
ORD-11414,2025-04-27,CUST-245,EMEA,Direct Sales,Enterprise Software,2,1219.9,0.0,2439.8,658.75,1781.05,True
ORD-11415,2025-04-23,CUST-227,North America,Partner / Reseller,Professional Consulting,2,7465.93,5.0,14931.86,8869.52,6062.34,True
ORD-11416,2025-04-17,CUST-318,North America,Direct Sales,Cloud Services,3,1148.62,5.0,3445.86,1302.54,2143.32,True
ORD-11417,2025-04-22,CUST-300,EMEA,Direct Sales,Enterprise Software,1,1469.3,0.0,1469.3,396.71,1072.59,True
ORD-11418,2025-04-09,CUST-310,LATAM,Digital Self-Service,Enterprise Software,1,3254.04,0.0,3254.04,878.59,2375.45,True
ORD-11419,2025-04-13,CUST-119,EMEA,Partner / Reseller,Enterprise Software,5,4511.6,15.0,22558.0,6090.66,16467.34,True
ORD-11420,2025-05-01,CUST-239,EMEA,Direct Sales,Cloud Services,2,1055.7,5.0,2111.4,798.11,1313.29,True
ORD-11421,2025-05-01,CUST-186,North America,Partner / Reseller,Hardware & Peripherals,1,426.21,0.0,426.21,331.42,94.79,True
ORD-11422,2025-04-26,CUST-184,LATAM,Direct Sales,Enterprise Software,3,1976.09,0.0,5928.27,1600.63,4327.64,True
ORD-11423,2025-04-04,CUST-313,APAC,Direct Sales,Professional Consulting,2,5383.14,0.0,10766.28,6395.17,4371.11,True
ORD-11424,2025-04-04,CUST-120,APAC,Inside Sales,Hardware & Peripherals,2,778.06,15.0,1556.12,1210.04,346.08,True
ORD-11425,2025-04-10,CUST-157,EMEA,Inside Sales,Professional Consulting,1,2624.37,5.0,2624.37,1558.88,1065.49,True
ORD-11426,2025-04-27,CUST-114,North America,Partner / Reseller,Professional Consulting,1,7828.79,5.0,7828.79,4650.3,3178.49,True
ORD-11427,2025-04-29,CUST-223,North America,Inside Sales,Enterprise Software,1,3797.66,5.0,3797.66,1025.37,2772.29,True
ORD-11428,2025-04-15,CUST-130,APAC,Digital Self-Service,Professional Consulting,1,5297.27,0.0,5297.27,3146.58,2150.69,True
ORD-11429,2025-04-12,CUST-250,North America,Inside Sales,Cloud Services,1,521.64,10.0,521.64,197.18,324.46,True
ORD-11430,2025-05-31,CUST-305,North America,Partner / Reseller,Professional Consulting,1,5217.31,10.0,5217.31,3099.08,2118.23,True
ORD-11431,2025-05-05,CUST-180,North America,Partner / Reseller,Enterprise Software,1,2866.51,25.0,2866.51,773.96,2092.55,True
ORD-11432,2025-05-07,CUST-119,North America,Partner / Reseller,Cloud Services,1,1405.27,5.0,1405.27,531.19,874.08,True
ORD-11433,2025-05-26,CUST-213,EMEA,Digital Self-Service,Professional Consulting,3,7385.84,10.0,22157.52,13161.57,8995.95,True
ORD-11434,2025-05-12,CUST-181,EMEA,Direct Sales,Professional Consulting,3,3465.23,0.0,10395.69,6175.04,4220.65,True
ORD-11435,2025-05-31,CUST-120,North America,Partner / Reseller,Cloud Services,1,2396.18,10.0,2396.18,905.76,1490.42,True
ORD-11436,2025-05-19,CUST-195,EMEA,Partner / Reseller,Enterprise Software,1,4019.25,0.0,4019.25,1085.2,2934.05,True
ORD-11437,2025-05-10,CUST-129,North America,Direct Sales,Cloud Services,1,1764.81,0.0,1764.81,667.1,1097.71,True
ORD-11438,2025-05-21,CUST-171,APAC,Inside Sales,Enterprise Software,1,4343.28,5.0,4343.28,1172.69,3170.59,True
ORD-11439,2025-05-30,CUST-197,North America,Inside Sales,Enterprise Software,1,2887.27,5.0,2887.27,779.56,2107.71,True
ORD-11440,2025-05-24,CUST-106,LATAM,Digital Self-Service,Enterprise Software,1,3257.89,15.0,3257.89,879.63,2378.26,True
ORD-11441,2025-06-01,CUST-107,North America,Inside Sales,Enterprise Software,1,4062.61,15.0,4062.61,1096.9,2965.71,True
ORD-11442,2025-05-28,CUST-127,EMEA,Digital Self-Service,Professional Consulting,1,6412.49,15.0,6412.49,3809.02,2603.47,True
ORD-11443,2025-05-20,CUST-232,North America,Inside Sales,Cloud Services,2,1602.47,5.0,3204.94,1211.47,1993.47,True
ORD-11444,2025-06-01,CUST-274,LATAM,Direct Sales,Enterprise Software,1,4649.31,25.0,4649.31,1255.31,3394.0,True
ORD-11445,2025-05-27,CUST-257,North America,Digital Self-Service,Cloud Services,1,1108.82,5.0,1108.82,419.13,689.69,True
ORD-11446,2025-05-28,CUST-178,EMEA,Digital Self-Service,Cloud Services,1,2020.28,10.0,2020.28,763.67,1256.61,True
ORD-11447,2025-05-30,CUST-219,North America,Digital Self-Service,Enterprise Software,1,2958.35,5.0,2958.35,798.75,2159.6,True
ORD-11448,2025-05-30,CUST-120,North America,Digital Self-Service,Cloud Services,2,1258.08,25.0,2516.16,951.11,1565.05,True
ORD-11449,2025-05-17,CUST-322,EMEA,Partner / Reseller,Enterprise Software,1,4110.71,5.0,4110.71,1109.89,3000.82,True
ORD-11450,2025-05-07,CUST-267,North America,Inside Sales,Professional Consulting,1,5935.87,5.0,5935.87,3525.91,2409.96,True
ORD-11451,2025-05-04,CUST-166,LATAM,Direct Sales,Cloud Services,5,878.7,5.0,4393.5,1660.74,2732.76,True
ORD-11452,2025-05-30,CUST-160,North America,Direct Sales,Professional Consulting,1,5242.65,5.0,5242.65,3114.13,2128.52,True
ORD-11453,2025-05-06,CUST-195,APAC,Inside Sales,Cloud Services,1,897.66,0.0,897.66,339.32,558.34,True
ORD-11454,2025-05-16,CUST-301,North America,Inside Sales,Professional Consulting,1,2858.48,15.0,2858.48,1697.94,1160.54,True
ORD-11455,2025-05-14,CUST-141,North America,Digital Self-Service,Cloud Services,2,2444.35,15.0,4888.7,1847.93,3040.77,True
ORD-11456,2025-06-01,CUST-180,EMEA,Digital Self-Service,Cloud Services,1,623.09,15.0,623.09,235.53,387.56,True
ORD-11457,2025-05-15,CUST-197,APAC,Direct Sales,Professional Consulting,2,2195.6,25.0,4391.2,2608.37,1782.83,True
ORD-11458,2025-06-01,CUST-261,EMEA,Inside Sales,Hardware & Peripherals,10,743.67,5.0,7436.7,5782.78,1653.92,True
ORD-11459,2025-05-06,CUST-220,EMEA,Inside Sales,Professional Consulting,1,5166.54,0.0,5166.54,3068.92,2097.62,True
ORD-11460,2025-05-09,CUST-162,APAC,Digital Self-Service,Professional Consulting,1,3758.39,0.0,3758.39,2232.48,1525.91,True
ORD-11461,2025-05-13,CUST-287,LATAM,Inside Sales,Professional Consulting,1,2692.5,0.0,2692.5,1599.35,1093.15,True
ORD-11462,2025-05-14,CUST-223,EMEA,Inside Sales,Cloud Services,1,560.53,10.0,560.53,211.88,348.65,True
ORD-11463,2025-05-10,CUST-237,North America,Inside Sales,Cloud Services,1,2136.25,5.0,2136.25,807.5,1328.75,True
ORD-11464,2025-05-24,CUST-180,North America,Inside Sales,Enterprise Software,1,2189.06,5.0,2189.06,591.05,1598.01,True
ORD-11465,2025-05-07,CUST-330,North America,Inside Sales,Cloud Services,2,1728.52,0.0,3457.04,1306.76,2150.28,True
ORD-11466,2025-05-06,CUST-220,APAC,Partner / Reseller,Cloud Services,2,2007.57,15.0,4015.14,1517.72,2497.42,True
ORD-11467,2025-05-29,CUST-133,EMEA,Inside Sales,Cloud Services,10,1849.1,15.0,18491.0,6989.6,11501.4,True
ORD-11468,2025-05-14,CUST-175,North America,Digital Self-Service,Enterprise Software,1,3848.33,5.0,3848.33,1039.05,2809.28,True
ORD-11469,2025-05-22,CUST-335,North America,Inside Sales,Enterprise Software,1,3944.28,15.0,3944.28,1064.96,2879.32,True
ORD-11470,2025-05-23,CUST-222,EMEA,Partner / Reseller,Cloud Services,1,2153.09,10.0,2153.09,813.87,1339.22,True
ORD-11471,2025-05-21,CUST-329,North America,Digital Self-Service,Hardware & Peripherals,1,1133.45,5.0,1133.45,881.37,252.08,True
ORD-11472,2025-05-17,CUST-250,North America,Direct Sales,Enterprise Software,1,2866.63,0.0,2866.63,773.99,2092.64,True
ORD-11473,2025-05-18,CUST-248,EMEA,Inside Sales,Enterprise Software,3,3343.7,0.0,10031.1,2708.4,7322.7,True
ORD-11474,2025-05-15,CUST-308,LATAM,Partner / Reseller,Enterprise Software,1,1877.98,5.0,1877.98,507.05,1370.93,True
ORD-11475,2025-05-11,CUST-172,North America,Digital Self-Service,Cloud Services,1,1692.5,0.0,1692.5,639.76,1052.74,True
ORD-11476,2025-05-17,CUST-166,LATAM,Direct Sales,Enterprise Software,5,1843.42,15.0,9217.1,2488.62,6728.48,True
ORD-11477,2025-05-24,CUST-230,APAC,Direct Sales,Enterprise Software,2,1564.71,5.0,3129.42,844.94,2284.48,True
ORD-11478,2025-05-04,CUST-101,EMEA,Direct Sales,Hardware & Peripherals,2,716.82,0.0,1433.64,1114.8,318.84,True
ORD-11479,2025-05-12,CUST-233,North America,Inside Sales,Hardware & Peripherals,2,749.72,0.0,1499.44,1165.96,333.48,True
ORD-11480,2025-05-06,CUST-327,North America,Digital Self-Service,Professional Consulting,1,7515.1,0.0,7515.1,4463.97,3051.13,True
ORD-11481,2025-05-07,CUST-190,APAC,Partner / Reseller,Hardware & Peripherals,1,918.22,10.0,918.22,714.01,204.21,True
ORD-11482,2025-05-13,CUST-288,EMEA,Direct Sales,Enterprise Software,1,2474.28,10.0,2474.28,668.06,1806.22,True
ORD-11483,2025-05-13,CUST-280,APAC,Digital Self-Service,Hardware & Peripherals,1,190.27,0.0,190.27,147.95,42.32,True
ORD-11484,2025-05-20,CUST-262,EMEA,Partner / Reseller,Cloud Services,1,2242.9,0.0,2242.9,847.82,1395.08,True
ORD-11485,2025-05-15,CUST-220,North America,Partner / Reseller,Professional Consulting,1,3321.26,10.0,3321.26,1972.83,1348.43,True
ORD-11486,2025-05-12,CUST-232,APAC,Partner / Reseller,Enterprise Software,1,3612.14,0.0,3612.14,975.28,2636.86,True
ORD-11487,2025-05-05,CUST-109,North America,Digital Self-Service,Cloud Services,2,1683.56,5.0,3367.12,1272.77,2094.35,True
ORD-11488,2025-05-23,CUST-268,LATAM,Digital Self-Service,Cloud Services,1,1739.2,10.0,1739.2,657.42,1081.78,True
ORD-11489,2025-05-31,CUST-200,EMEA,Inside Sales,Enterprise Software,2,3043.23,0.0,6086.46,1643.34,4443.12,True
ORD-11490,2025-05-10,CUST-173,North America,Inside Sales,Enterprise Software,2,4547.4,0.0,9094.8,2455.6,6639.2,True
ORD-11491,2025-05-24,CUST-269,North America,Inside Sales,Cloud Services,5,770.01,10.0,3850.05,1455.32,2394.73,True
ORD-11492,2025-05-27,CUST-253,North America,Partner / Reseller,Hardware & Peripherals,3,1032.13,0.0,3096.39,2407.75,688.64,True
ORD-11493,2025-05-11,CUST-115,EMEA,Digital Self-Service,Cloud Services,2,2268.6,0.0,4537.2,1715.06,2822.14,True
ORD-11494,2025-05-13,CUST-166,LATAM,Digital Self-Service,Cloud Services,1,2098.96,5.0,2098.96,793.41,1305.55,True
ORD-11495,2025-05-10,CUST-204,North America,Partner / Reseller,Enterprise Software,1,4310.39,5.0,4310.39,1163.81,3146.58,True
ORD-11496,2025-05-27,CUST-184,North America,Direct Sales,Cloud Services,2,2390.54,25.0,4781.08,1807.25,2973.83,True
ORD-11497,2025-05-03,CUST-333,North America,Direct Sales,Professional Consulting,2,2541.52,5.0,5083.04,3019.33,2063.71,True
ORD-11498,2025-05-19,CUST-314,EMEA,Partner / Reseller,Enterprise Software,10,3234.8,0.0,32348.0,8733.96,23614.04,True
ORD-11499,2025-05-08,CUST-287,North America,Direct Sales,Hardware & Peripherals,1,498.08,0.0,498.08,387.31,110.77,True
ORD-11500,2025-05-03,CUST-302,EMEA,Partner / Reseller,Professional Consulting,1,5159.33,0.0,5159.33,3064.64,2094.69,True
ORD-11501,2025-05-03,CUST-169,APAC,Inside Sales,Enterprise Software,1,4135.16,5.0,4135.16,1116.49,3018.67,True
ORD-11502,2025-05-07,CUST-119,North America,Inside Sales,Professional Consulting,3,7259.73,0.0,21779.19,12936.84,8842.35,True
ORD-11503,2025-05-26,CUST-288,EMEA,Inside Sales,Professional Consulting,1,5629.23,0.0,5629.23,3343.76,2285.47,True
ORD-11504,2025-05-22,CUST-290,North America,Digital Self-Service,Professional Consulting,1,6708.63,5.0,6708.63,3984.93,2723.7,True
ORD-11505,2025-05-06,CUST-174,North America,Partner / Reseller,Enterprise Software,1,3692.99,25.0,3692.99,997.11,2695.88,True
ORD-11506,2025-05-20,CUST-229,North America,Direct Sales,Enterprise Software,2,2280.81,25.0,4561.62,1231.64,3329.98,True
ORD-11507,2025-05-26,CUST-127,EMEA,Direct Sales,Enterprise Software,1,2616.4,0.0,2616.4,706.43,1909.97,True
ORD-11508,2025-05-10,CUST-179,North America,Direct Sales,Cloud Services,1,1401.29,0.0,1401.29,529.69,871.6,True
ORD-11509,2025-05-08,CUST-121,North America,Inside Sales,Enterprise Software,2,4779.95,5.0,9559.9,2581.17,6978.73,True
ORD-11510,2025-05-29,CUST-164,North America,Digital Self-Service,Cloud Services,2,888.1,10.0,1776.2,671.4,1104.8,True
ORD-11511,2025-05-04,CUST-101,North America,Partner / Reseller,Enterprise Software,1,3348.19,10.0,3348.19,904.01,2444.18,True
ORD-11512,2025-05-28,CUST-160,North America,Inside Sales,Cloud Services,5,1449.61,5.0,7248.05,2739.76,4508.29,True
ORD-11513,2025-05-30,CUST-208,EMEA,Inside Sales,Professional Consulting,5,6398.42,0.0,31992.1,19003.31,12988.79,True
ORD-11514,2025-05-03,CUST-212,APAC,Direct Sales,Enterprise Software,1,4042.97,0.0,4042.97,1091.6,2951.37,True
ORD-11515,2025-05-16,CUST-135,APAC,Inside Sales,Cloud Services,1,1714.95,0.0,1714.95,648.25,1066.7,True
ORD-11516,2025-05-12,CUST-325,EMEA,Digital Self-Service,Enterprise Software,2,4983.83,5.0,9967.66,2691.27,7276.39,True
ORD-11517,2025-05-14,CUST-275,North America,Digital Self-Service,Cloud Services,1,748.49,5.0,748.49,282.93,465.56,True
ORD-11518,2025-05-11,CUST-291,EMEA,Partner / Reseller,Cloud Services,1,842.3,0.0,842.3,318.39,523.91,True
ORD-11519,2025-05-25,CUST-138,EMEA,Direct Sales,Professional Consulting,1,2058.93,0.0,2058.93,1223.0,835.93,True
ORD-11520,2025-05-09,CUST-124,North America,Inside Sales,Enterprise Software,1,1556.62,5.0,1556.62,420.29,1136.33,True
ORD-11521,2025-05-05,CUST-260,North America,Partner / Reseller,Enterprise Software,1,3324.79,0.0,3324.79,897.69,2427.1,True
ORD-11522,2025-05-29,CUST-194,EMEA,Inside Sales,Hardware & Peripherals,2,597.47,15.0,1194.94,929.19,265.75,True
ORD-11523,2025-05-20,CUST-139,North America,Partner / Reseller,Cloud Services,1,1784.67,0.0,1784.67,674.61,1110.06,True
ORD-11524,2025-05-11,CUST-265,APAC,Digital Self-Service,Cloud Services,1,666.08,5.0,666.08,251.78,414.3,True
ORD-11525,2025-05-30,CUST-323,EMEA,Inside Sales,Cloud Services,3,982.2,0.0,2946.6,1113.81,1832.79,True
ORD-11526,2025-05-03,CUST-305,EMEA,Partner / Reseller,Professional Consulting,1,7934.52,0.0,7934.52,4713.1,3221.42,True
ORD-11527,2025-05-30,CUST-135,EMEA,Inside Sales,Enterprise Software,5,1495.59,5.0,7477.95,2019.05,5458.9,True
ORD-11528,2025-05-18,CUST-243,North America,Inside Sales,Enterprise Software,1,3101.43,10.0,3101.43,837.39,2264.04,True
ORD-11529,2025-05-14,CUST-326,EMEA,Partner / Reseller,Enterprise Software,1,3183.55,25.0,3183.55,859.56,2323.99,True
ORD-11530,2025-06-22,CUST-243,North America,Digital Self-Service,Professional Consulting,3,6268.09,5.0,18804.27,11169.74,7634.53,True
ORD-11531,2025-06-19,CUST-321,North America,Inside Sales,Hardware & Peripherals,1,834.7,10.0,834.7,649.06,185.64,True
ORD-11532,2025-06-13,CUST-335,LATAM,Inside Sales,Professional Consulting,2,3282.68,0.0,6565.36,3899.82,2665.54,True
ORD-11533,2025-07-01,CUST-234,North America,Digital Self-Service,Professional Consulting,1,2064.03,0.0,2064.03,1226.03,838.0,True
ORD-11534,2025-07-01,CUST-255,North America,Digital Self-Service,Enterprise Software,5,2164.29,5.0,10821.45,2921.79,7899.66,True
ORD-11535,2025-06-14,CUST-260,North America,Direct Sales,Enterprise Software,1,3842.9,15.0,3842.9,1037.58,2805.32,True
ORD-11536,2025-07-01,CUST-144,EMEA,Direct Sales,Cloud Services,1,1675.85,0.0,1675.85,633.47,1042.38,True
ORD-11537,2025-06-02,CUST-145,APAC,Partner / Reseller,Cloud Services,2,1897.95,0.0,3795.9,1434.85,2361.05,True
ORD-11538,2025-06-28,CUST-115,North America,Digital Self-Service,Professional Consulting,2,2336.29,25.0,4672.58,2775.51,1897.07,True
ORD-11539,2025-06-08,CUST-272,APAC,Digital Self-Service,Cloud Services,1,1948.65,15.0,1948.65,736.59,1212.06,True
ORD-11540,2025-06-07,CUST-232,North America,Inside Sales,Hardware & Peripherals,5,766.19,5.0,3830.95,2978.95,852.0,True
ORD-11541,2025-06-23,CUST-228,North America,Digital Self-Service,Cloud Services,3,536.41,0.0,1609.23,608.29,1000.94,True
ORD-11542,2025-06-16,CUST-204,North America,Direct Sales,Enterprise Software,2,3512.41,0.0,7024.82,1896.7,5128.12,True
ORD-11543,2025-06-19,CUST-278,North America,Inside Sales,Enterprise Software,2,2497.52,0.0,4995.04,1348.66,3646.38,True
ORD-11544,2025-07-01,CUST-251,EMEA,Direct Sales,Enterprise Software,1,3972.29,10.0,3972.29,1072.52,2899.77,True
ORD-11545,2025-06-27,CUST-324,EMEA,Partner / Reseller,Enterprise Software,1,3624.19,0.0,3624.19,978.53,2645.66,True
ORD-11546,2025-06-23,CUST-293,APAC,Digital Self-Service,Cloud Services,1,2293.11,0.0,2293.11,866.8,1426.31,True
ORD-11547,2025-06-24,CUST-205,North America,Partner / Reseller,Enterprise Software,2,2260.06,0.0,4520.12,1220.43,3299.69,True
ORD-11548,2025-06-08,CUST-167,North America,Digital Self-Service,Enterprise Software,2,2320.74,5.0,4641.48,1253.2,3388.28,True
ORD-11549,2025-06-13,CUST-275,APAC,Direct Sales,Professional Consulting,3,5138.26,15.0,15414.78,9156.38,6258.4,True
ORD-11550,2025-06-20,CUST-279,North America,Digital Self-Service,Enterprise Software,1,3244.21,0.0,3244.21,875.94,2368.27,True
ORD-11551,2025-06-24,CUST-168,North America,Partner / Reseller,Hardware & Peripherals,2,729.19,0.0,1458.38,1134.04,324.34,True
ORD-11552,2025-06-16,CUST-261,North America,Partner / Reseller,Enterprise Software,1,4703.29,5.0,4703.29,1269.89,3433.4,True
ORD-11553,2025-06-12,CUST-108,North America,Direct Sales,Enterprise Software,2,2636.06,5.0,5272.12,1423.47,3848.65,True
ORD-11554,2025-06-29,CUST-186,EMEA,Direct Sales,Hardware & Peripherals,1,316.69,0.0,316.69,246.26,70.43,True
ORD-11555,2025-06-13,CUST-105,North America,Inside Sales,Enterprise Software,1,2974.0,5.0,2974.0,802.98,2171.02,True
ORD-11556,2025-06-24,CUST-164,EMEA,Digital Self-Service,Cloud Services,3,1238.6,5.0,3715.8,1404.57,2311.23,True
ORD-11557,2025-06-14,CUST-295,LATAM,Direct Sales,Enterprise Software,3,4888.91,5.0,14666.73,3960.02,10706.71,True
ORD-11558,2025-06-26,CUST-141,EMEA,Digital Self-Service,Enterprise Software,2,3394.45,15.0,6788.9,1833.0,4955.9,True
ORD-11559,2025-06-24,CUST-292,North America,Digital Self-Service,Hardware & Peripherals,10,358.39,10.0,3583.9,2786.84,797.06,True
ORD-11560,2025-06-03,CUST-305,North America,Inside Sales,Hardware & Peripherals,2,474.74,0.0,949.48,738.32,211.16,True
ORD-11561,2025-06-02,CUST-178,North America,Partner / Reseller,Cloud Services,1,820.85,15.0,820.85,310.28,510.57,True
ORD-11562,2025-06-15,CUST-316,APAC,Direct Sales,Enterprise Software,2,2129.98,5.0,4259.96,1150.19,3109.77,True
ORD-11563,2025-06-13,CUST-154,LATAM,Inside Sales,Enterprise Software,1,3289.35,10.0,3289.35,888.12,2401.23,True
ORD-11564,2025-06-24,CUST-181,APAC,Partner / Reseller,Enterprise Software,1,4684.41,0.0,4684.41,1264.79,3419.62,True
ORD-11565,2025-06-12,CUST-208,EMEA,Direct Sales,Hardware & Peripherals,2,1010.78,0.0,2021.56,1571.97,449.59,True
ORD-11566,2025-06-23,CUST-255,North America,Partner / Reseller,Professional Consulting,1,5518.57,0.0,5518.57,3278.03,2240.54,True
ORD-11567,2025-06-12,CUST-201,LATAM,Partner / Reseller,Cloud Services,2,403.34,0.0,806.68,304.93,501.75,True
ORD-11568,2025-06-08,CUST-198,EMEA,Inside Sales,Enterprise Software,1,2347.36,0.0,2347.36,633.79,1713.57,True
ORD-11569,2025-06-11,CUST-345,LATAM,Partner / Reseller,Enterprise Software,1,4320.85,0.0,4320.85,1166.63,3154.22,True
ORD-11570,2025-06-23,CUST-188,EMEA,Direct Sales,Cloud Services,3,623.5,5.0,1870.5,707.05,1163.45,True
ORD-11571,2025-06-14,CUST-247,EMEA,Inside Sales,Professional Consulting,1,2073.35,0.0,2073.35,1231.57,841.78,True
ORD-11572,2025-06-22,CUST-177,North America,Direct Sales,Hardware & Peripherals,2,571.79,5.0,1143.58,889.25,254.33,True
ORD-11573,2025-06-27,CUST-282,North America,Digital Self-Service,Hardware & Peripherals,2,677.16,0.0,1354.32,1053.12,301.2,True
ORD-11574,2025-06-07,CUST-272,North America,Direct Sales,Hardware & Peripherals,1,708.3,0.0,708.3,550.77,157.53,True
ORD-11575,2025-07-01,CUST-257,EMEA,Inside Sales,Professional Consulting,1,3547.02,5.0,3547.02,2106.93,1440.09,True
ORD-11576,2025-06-16,CUST-193,North America,Digital Self-Service,Enterprise Software,1,1661.9,0.0,1661.9,448.71,1213.19,True
ORD-11577,2025-06-12,CUST-168,North America,Digital Self-Service,Cloud Services,1,2010.35,5.0,2010.35,759.91,1250.44,True
ORD-11578,2025-06-16,CUST-191,APAC,Inside Sales,Enterprise Software,2,3616.73,0.0,7233.46,1953.03,5280.43,True
ORD-11579,2025-06-04,CUST-226,North America,Digital Self-Service,Cloud Services,1,664.71,0.0,664.71,251.26,413.45,True
ORD-11580,2025-06-16,CUST-313,LATAM,Inside Sales,Cloud Services,3,912.61,0.0,2737.83,1034.9,1702.93,True
ORD-11581,2025-06-12,CUST-263,APAC,Direct Sales,Enterprise Software,10,1757.65,0.0,17576.5,4745.66,12830.84,True
ORD-11582,2025-06-25,CUST-208,North America,Partner / Reseller,Enterprise Software,2,4724.27,25.0,9448.54,2551.11,6897.43,True
ORD-11583,2025-06-10,CUST-333,North America,Direct Sales,Professional Consulting,1,6456.11,10.0,6456.11,3834.93,2621.18,True
ORD-11584,2025-06-20,CUST-318,APAC,Direct Sales,Enterprise Software,1,2352.17,0.0,2352.17,635.09,1717.08,True
ORD-11585,2025-06-17,CUST-276,APAC,Digital Self-Service,Enterprise Software,1,4754.82,5.0,4754.82,1283.8,3471.02,True
ORD-11586,2025-06-03,CUST-169,North America,Partner / Reseller,Cloud Services,2,2310.47,0.0,4620.94,1746.72,2874.22,True
ORD-11587,2025-06-15,CUST-302,LATAM,Digital Self-Service,Cloud Services,1,977.01,0.0,977.01,369.31,607.7,True
ORD-11588,2025-06-09,CUST-173,EMEA,Inside Sales,Enterprise Software,1,2433.51,5.0,2433.51,657.05,1776.46,True
ORD-11589,2025-06-22,CUST-242,North America,Digital Self-Service,Cloud Services,1,1537.06,0.0,1537.06,581.01,956.05,True
ORD-11590,2025-06-28,CUST-153,EMEA,Partner / Reseller,Cloud Services,2,1370.09,5.0,2740.18,1035.79,1704.39,True
ORD-11591,2025-06-10,CUST-120,EMEA,Digital Self-Service,Cloud Services,2,1787.47,0.0,3574.94,1351.33,2223.61,True
ORD-11592,2025-06-25,CUST-180,EMEA,Inside Sales,Hardware & Peripherals,1,537.65,0.0,537.65,418.08,119.57,True
ORD-11593,2025-06-21,CUST-206,LATAM,Direct Sales,Cloud Services,2,1710.96,10.0,3421.92,1293.49,2128.43,True
ORD-11594,2025-06-11,CUST-335,EMEA,Inside Sales,Cloud Services,1,1430.59,5.0,1430.59,540.76,889.83,True
ORD-11595,2025-06-29,CUST-128,EMEA,Partner / Reseller,Enterprise Software,1,2703.85,15.0,2703.85,730.04,1973.81,True
ORD-11596,2025-06-26,CUST-204,North America,Partner / Reseller,Professional Consulting,1,6406.76,5.0,6406.76,3805.62,2601.14,True
ORD-11597,2025-06-21,CUST-270,APAC,Digital Self-Service,Enterprise Software,2,4127.9,5.0,8255.8,2229.07,6026.73,True
ORD-11598,2025-06-19,CUST-218,North America,Inside Sales,Enterprise Software,1,4464.42,0.0,4464.42,1205.39,3259.03,True
ORD-11599,2025-06-29,CUST-185,APAC,Partner / Reseller,Enterprise Software,1,2295.95,5.0,2295.95,619.91,1676.04,True
ORD-11600,2025-06-05,CUST-205,North America,Direct Sales,Enterprise Software,10,3681.8,5.0,36818.0,9940.86,26877.14,True
ORD-11601,2025-06-06,CUST-246,APAC,Direct Sales,Cloud Services,1,1457.06,0.0,1457.06,550.77,906.29,True
ORD-11602,2025-06-09,CUST-343,North America,Inside Sales,Enterprise Software,2,3576.88,5.0,7153.76,1931.52,5222.24,True
ORD-11603,2025-06-29,CUST-285,APAC,Partner / Reseller,Enterprise Software,1,4670.19,5.0,4670.19,1260.95,3409.24,True
ORD-11604,2025-06-24,CUST-328,North America,Inside Sales,Hardware & Peripherals,1,488.86,5.0,488.86,380.14,108.72,True
ORD-11605,2025-06-23,CUST-349,EMEA,Direct Sales,Cloud Services,2,2478.4,10.0,4956.8,1873.67,3083.13,True
ORD-11606,2025-06-28,CUST-218,EMEA,Direct Sales,Enterprise Software,1,4696.59,0.0,4696.59,1268.08,3428.51,True
ORD-11607,2025-06-03,CUST-220,APAC,Direct Sales,Cloud Services,1,1253.33,10.0,1253.33,473.76,779.57,True
ORD-11608,2025-06-10,CUST-255,EMEA,Direct Sales,Hardware & Peripherals,2,714.21,5.0,1428.42,1110.74,317.68,True
ORD-11609,2025-06-28,CUST-310,EMEA,Direct Sales,Professional Consulting,1,3757.78,0.0,3757.78,2232.12,1525.66,True
ORD-11610,2025-06-24,CUST-301,North America,Partner / Reseller,Hardware & Peripherals,1,810.73,10.0,810.73,630.42,180.31,True
ORD-11611,2025-06-26,CUST-143,North America,Digital Self-Service,Professional Consulting,1,6521.47,0.0,6521.47,3873.75,2647.72,True
ORD-11612,2025-06-09,CUST-264,EMEA,Inside Sales,Professional Consulting,1,3260.51,15.0,3260.51,1936.74,1323.77,True
ORD-11613,2025-06-17,CUST-276,North America,Inside Sales,Professional Consulting,1,6541.88,5.0,6541.88,3885.88,2656.0,True
ORD-11614,2025-06-20,CUST-233,North America,Partner / Reseller,Enterprise Software,1,1335.83,15.0,1335.83,360.67,975.16,True
ORD-11615,2025-06-20,CUST-140,EMEA,Digital Self-Service,Enterprise Software,5,2306.63,5.0,11533.15,3113.95,8419.2,True
ORD-11616,2025-06-16,CUST-132,North America,Digital Self-Service,Cloud Services,3,724.33,15.0,2172.99,821.39,1351.6,True
ORD-11617,2025-06-10,CUST-177,North America,Direct Sales,Cloud Services,1,458.81,0.0,458.81,173.43,285.38,True
ORD-11618,2025-06-25,CUST-222,EMEA,Partner / Reseller,Cloud Services,1,2227.49,25.0,2227.49,841.99,1385.5,True
ORD-11619,2025-06-22,CUST-195,North America,Inside Sales,Enterprise Software,1,4439.92,5.0,4439.92,1198.78,3241.14,True
ORD-11620,2025-06-29,CUST-103,EMEA,Direct Sales,Cloud Services,3,768.31,0.0,2304.93,871.26,1433.67,True
ORD-11621,2025-06-11,CUST-286,APAC,Partner / Reseller,Enterprise Software,2,1770.34,0.0,3540.68,955.98,2584.7,True
ORD-11622,2025-06-16,CUST-291,APAC,Partner / Reseller,Cloud Services,1,1741.14,10.0,1741.14,658.15,1082.99,True
ORD-11623,2025-06-13,CUST-184,EMEA,Digital Self-Service,Cloud Services,1,1236.83,5.0,1236.83,467.52,769.31,True
ORD-11624,2025-06-19,CUST-304,North America,Partner / Reseller,Professional Consulting,1,5226.37,0.0,5226.37,3104.46,2121.91,True
ORD-11625,2025-06-27,CUST-162,North America,Inside Sales,Professional Consulting,2,6138.19,0.0,12276.38,7292.17,4984.21,True
ORD-11626,2025-06-21,CUST-287,APAC,Direct Sales,Enterprise Software,2,2254.41,15.0,4508.82,1217.38,3291.44,True
ORD-11627,2025-06-06,CUST-249,APAC,Inside Sales,Cloud Services,1,527.82,5.0,527.82,199.52,328.3,True
ORD-11628,2025-06-19,CUST-118,North America,Direct Sales,Hardware & Peripherals,2,203.64,5.0,407.28,316.7,90.58,True
ORD-11629,2025-06-17,CUST-224,North America,Direct Sales,Enterprise Software,1,3261.0,5.0,3261.0,880.47,2380.53,True
ORD-11630,2025-06-29,CUST-264,North America,Inside Sales,Hardware & Peripherals,1,905.98,25.0,905.98,704.49,201.49,True
ORD-11631,2025-07-11,CUST-145,North America,Inside Sales,Professional Consulting,1,5608.12,5.0,5608.12,3331.22,2276.9,True
ORD-11632,2025-07-23,CUST-170,EMEA,Digital Self-Service,Enterprise Software,1,4495.59,5.0,4495.59,1213.81,3281.78,True
ORD-11633,2025-07-06,CUST-181,APAC,Inside Sales,Hardware & Peripherals,1,1142.98,5.0,1142.98,888.78,254.2,True
ORD-11634,2025-07-08,CUST-336,APAC,Digital Self-Service,Enterprise Software,1,2841.66,5.0,2841.66,767.25,2074.41,True
ORD-11635,2025-07-20,CUST-159,North America,Digital Self-Service,Professional Consulting,1,3161.57,0.0,3161.57,1877.97,1283.6,True
ORD-11636,2025-07-19,CUST-153,EMEA,Partner / Reseller,Cloud Services,5,1837.97,0.0,9189.85,3473.76,5716.09,True
ORD-11637,2025-07-09,CUST-256,EMEA,Digital Self-Service,Professional Consulting,3,6714.87,25.0,20144.61,11965.9,8178.71,True
ORD-11638,2025-07-18,CUST-168,North America,Digital Self-Service,Cloud Services,2,2056.37,5.0,4112.74,1554.62,2558.12,True
ORD-11639,2025-07-30,CUST-286,North America,Digital Self-Service,Professional Consulting,1,4224.75,5.0,4224.75,2509.5,1715.25,True
ORD-11640,2025-07-16,CUST-340,North America,Inside Sales,Cloud Services,1,2001.66,0.0,2001.66,756.63,1245.03,True
ORD-11641,2025-07-28,CUST-309,EMEA,Partner / Reseller,Enterprise Software,1,2936.18,5.0,2936.18,792.77,2143.41,True
ORD-11642,2025-07-11,CUST-302,North America,Partner / Reseller,Enterprise Software,1,2619.21,10.0,2619.21,707.19,1912.02,True
ORD-11643,2025-07-22,CUST-162,North America,Inside Sales,Cloud Services,1,2198.45,15.0,2198.45,831.01,1367.44,True
ORD-11644,2025-07-21,CUST-268,North America,Inside Sales,Cloud Services,1,2439.38,0.0,2439.38,922.09,1517.29,True
ORD-11645,2025-07-22,CUST-187,North America,Digital Self-Service,Cloud Services,1,524.57,5.0,524.57,198.29,326.28,True
ORD-11646,2025-07-12,CUST-183,LATAM,Inside Sales,Enterprise Software,2,1710.28,10.0,3420.56,923.55,2497.01,True
ORD-11647,2025-07-30,CUST-122,North America,Digital Self-Service,Enterprise Software,1,2335.65,5.0,2335.65,630.63,1705.02,True
ORD-11648,2025-07-27,CUST-276,North America,Direct Sales,Cloud Services,3,1569.02,15.0,4707.06,1779.27,2927.79,True
ORD-11649,2025-07-25,CUST-331,APAC,Partner / Reseller,Professional Consulting,3,3883.77,0.0,11651.31,6920.88,4730.43,True
ORD-11650,2025-07-17,CUST-348,EMEA,Digital Self-Service,Enterprise Software,1,2576.37,5.0,2576.37,695.62,1880.75,True
ORD-11651,2025-08-01,CUST-201,APAC,Direct Sales,Enterprise Software,1,1652.92,10.0,1652.92,446.29,1206.63,True
ORD-11652,2025-07-04,CUST-211,LATAM,Digital Self-Service,Hardware & Peripherals,1,687.87,10.0,687.87,534.89,152.98,True
ORD-11653,2025-07-18,CUST-119,EMEA,Direct Sales,Enterprise Software,1,2468.26,5.0,2468.26,666.43,1801.83,True
ORD-11654,2025-07-28,CUST-219,EMEA,Partner / Reseller,Cloud Services,2,2188.12,10.0,4376.24,1654.22,2722.02,True
ORD-11655,2025-07-27,CUST-327,APAC,Partner / Reseller,Cloud Services,1,2117.29,5.0,2117.29,800.34,1316.95,True
ORD-11656,2025-07-05,CUST-299,EMEA,Inside Sales,Enterprise Software,1,3385.85,15.0,3385.85,914.18,2471.67,True
ORD-11657,2025-07-15,CUST-104,North America,Digital Self-Service,Cloud Services,3,413.34,5.0,1240.02,468.73,771.29,True
ORD-11658,2025-07-11,CUST-236,EMEA,Partner / Reseller,Professional Consulting,2,5506.26,10.0,11012.52,6541.44,4471.08,True
ORD-11659,2025-07-21,CUST-247,North America,Partner / Reseller,Hardware & Peripherals,2,1087.91,0.0,2175.82,1691.92,483.9,True
ORD-11660,2025-07-08,CUST-110,APAC,Digital Self-Service,Enterprise Software,5,3227.0,25.0,16135.0,4356.45,11778.55,True
ORD-11661,2025-07-13,CUST-151,North America,Inside Sales,Professional Consulting,2,7570.79,25.0,15141.58,8994.1,6147.48,True
ORD-11662,2025-07-10,CUST-135,APAC,Inside Sales,Hardware & Peripherals,1,378.1,0.0,378.1,294.01,84.09,True
ORD-11663,2025-07-15,CUST-153,North America,Inside Sales,Enterprise Software,3,4496.62,5.0,13489.86,3642.26,9847.6,True
ORD-11664,2025-07-09,CUST-123,LATAM,Direct Sales,Enterprise Software,3,2645.92,0.0,7937.76,2143.2,5794.56,True
ORD-11665,2025-07-09,CUST-291,LATAM,Inside Sales,Enterprise Software,2,3058.61,0.0,6117.22,1651.65,4465.57,True
ORD-11666,2025-07-05,CUST-128,LATAM,Direct Sales,Professional Consulting,1,4159.15,0.0,4159.15,2470.54,1688.61,True
ORD-11667,2025-07-28,CUST-192,LATAM,Direct Sales,Cloud Services,1,2419.29,5.0,2419.29,914.49,1504.8,True
ORD-11668,2025-07-30,CUST-266,EMEA,Inside Sales,Cloud Services,2,881.65,15.0,1763.3,666.53,1096.77,True
ORD-11669,2025-07-03,CUST-182,North America,Partner / Reseller,Hardware & Peripherals,2,438.45,0.0,876.9,681.88,195.02,True
ORD-11670,2025-07-03,CUST-295,North America,Partner / Reseller,Enterprise Software,2,1791.88,15.0,3583.76,967.62,2616.14,True
ORD-11671,2025-07-24,CUST-207,North America,Partner / Reseller,Enterprise Software,3,3546.71,10.0,10640.13,2872.84,7767.29,True
ORD-11672,2025-07-28,CUST-301,North America,Inside Sales,Cloud Services,5,1166.64,0.0,5833.2,2204.95,3628.25,True
ORD-11673,2025-07-15,CUST-182,North America,Direct Sales,Cloud Services,1,2308.86,0.0,2308.86,872.75,1436.11,True
ORD-11674,2025-07-31,CUST-204,North America,Inside Sales,Cloud Services,1,1943.4,10.0,1943.4,734.61,1208.79,True
ORD-11675,2025-07-26,CUST-329,North America,Inside Sales,Cloud Services,1,732.16,25.0,732.16,276.76,455.4,True
ORD-11676,2025-07-06,CUST-329,EMEA,Partner / Reseller,Hardware & Peripherals,1,637.65,15.0,637.65,495.84,141.81,True
ORD-11677,2025-07-28,CUST-331,North America,Digital Self-Service,Cloud Services,1,1054.0,5.0,1054.0,398.41,655.59,True
ORD-11678,2025-07-14,CUST-226,APAC,Partner / Reseller,Hardware & Peripherals,1,851.85,0.0,851.85,662.4,189.45,True
ORD-11679,2025-07-19,CUST-121,APAC,Inside Sales,Enterprise Software,1,4780.7,0.0,4780.7,1290.79,3489.91,True
ORD-11680,2025-07-22,CUST-268,North America,Inside Sales,Enterprise Software,1,2059.65,5.0,2059.65,556.11,1503.54,True
ORD-11681,2025-07-19,CUST-330,North America,Inside Sales,Cloud Services,1,2474.05,0.0,2474.05,935.19,1538.86,True
ORD-11682,2025-07-07,CUST-331,APAC,Direct Sales,Cloud Services,1,2362.71,10.0,2362.71,893.1,1469.61,True
ORD-11683,2025-07-08,CUST-160,North America,Digital Self-Service,Enterprise Software,3,3611.6,0.0,10834.8,2925.4,7909.4,True
ORD-11684,2025-07-18,CUST-309,LATAM,Inside Sales,Cloud Services,2,1122.19,5.0,2244.38,848.38,1396.0,True
ORD-11685,2025-07-09,CUST-290,North America,Digital Self-Service,Cloud Services,1,951.89,0.0,951.89,359.81,592.08,True
ORD-11686,2025-07-31,CUST-297,EMEA,Direct Sales,Enterprise Software,3,2495.74,5.0,7487.22,2021.55,5465.67,True
ORD-11687,2025-07-13,CUST-209,EMEA,Partner / Reseller,Professional Consulting,2,3577.18,0.0,7154.36,4249.69,2904.67,True
ORD-11688,2025-07-17,CUST-132,APAC,Digital Self-Service,Professional Consulting,2,2721.67,5.0,5443.34,3233.34,2210.0,True
ORD-11689,2025-07-20,CUST-229,North America,Partner / Reseller,Hardware & Peripherals,3,237.12,0.0,711.36,553.15,158.21,True
ORD-11690,2025-07-24,CUST-190,EMEA,Partner / Reseller,Enterprise Software,2,1263.53,5.0,2527.06,682.31,1844.75,True
ORD-11691,2025-07-19,CUST-158,EMEA,Partner / Reseller,Cloud Services,1,2080.55,0.0,2080.55,786.45,1294.1,True
ORD-11692,2025-07-06,CUST-157,APAC,Partner / Reseller,Cloud Services,3,1733.31,5.0,5199.93,1965.57,3234.36,True
ORD-11693,2025-07-22,CUST-348,LATAM,Digital Self-Service,Cloud Services,1,824.61,0.0,824.61,311.7,512.91,True
ORD-11694,2025-07-19,CUST-134,EMEA,Digital Self-Service,Hardware & Peripherals,1,1088.43,0.0,1088.43,846.36,242.07,True
ORD-11695,2025-07-11,CUST-287,EMEA,Direct Sales,Professional Consulting,1,6008.72,0.0,6008.72,3569.18,2439.54,True
ORD-11696,2025-07-16,CUST-348,APAC,Partner / Reseller,Enterprise Software,1,3027.54,0.0,3027.54,817.44,2210.1,True
ORD-11697,2025-07-08,CUST-313,North America,Partner / Reseller,Cloud Services,1,1221.1,25.0,1221.1,461.58,759.52,True
ORD-11698,2025-07-11,CUST-249,LATAM,Partner / Reseller,Enterprise Software,2,2725.47,0.0,5450.94,1471.75,3979.19,True
ORD-11699,2025-07-07,CUST-130,EMEA,Direct Sales,Cloud Services,1,1997.23,10.0,1997.23,754.95,1242.28,True
ORD-11700,2025-07-22,CUST-131,EMEA,Inside Sales,Cloud Services,1,1786.89,0.0,1786.89,675.44,1111.45,True
ORD-11701,2025-07-31,CUST-169,LATAM,Direct Sales,Hardware & Peripherals,1,1106.03,0.0,1106.03,860.05,245.98,True
ORD-11702,2025-07-31,CUST-143,APAC,Inside Sales,Enterprise Software,1,3582.21,10.0,3582.21,967.2,2615.01,True
ORD-11703,2025-07-10,CUST-345,EMEA,Digital Self-Service,Cloud Services,2,586.0,0.0,1172.0,443.02,728.98,True
ORD-11704,2025-07-30,CUST-207,North America,Direct Sales,Cloud Services,5,2157.09,15.0,10785.45,4076.9,6708.55,True
ORD-11705,2025-07-11,CUST-263,EMEA,Inside Sales,Professional Consulting,3,6394.66,5.0,19183.98,11395.28,7788.7,True
ORD-11706,2025-07-11,CUST-306,EMEA,Inside Sales,Hardware & Peripherals,1,237.25,0.0,237.25,184.49,52.76,True
ORD-11707,2025-07-16,CUST-281,EMEA,Inside Sales,Cloud Services,2,618.33,5.0,1236.66,467.46,769.2,True
ORD-11708,2025-07-30,CUST-251,APAC,Direct Sales,Hardware & Peripherals,2,551.72,5.0,1103.44,858.03,245.41,True
ORD-11709,2025-07-06,CUST-281,APAC,Inside Sales,Hardware & Peripherals,2,400.55,10.0,801.1,622.94,178.16,True
ORD-11710,2025-07-25,CUST-318,EMEA,Direct Sales,Professional Consulting,2,4083.83,15.0,8167.66,4851.59,3316.07,True
ORD-11711,2025-07-29,CUST-332,North America,Partner / Reseller,Professional Consulting,1,6466.32,0.0,6466.32,3840.99,2625.33,True
ORD-11712,2025-07-13,CUST-286,EMEA,Digital Self-Service,Enterprise Software,3,4698.54,0.0,14095.62,3805.82,10289.8,True
ORD-11713,2025-07-24,CUST-214,APAC,Digital Self-Service,Enterprise Software,1,4899.6,5.0,4899.6,1322.89,3576.71,True
ORD-11714,2025-07-23,CUST-297,APAC,Digital Self-Service,Enterprise Software,1,4215.84,10.0,4215.84,1138.28,3077.56,True
ORD-11715,2025-07-27,CUST-319,North America,Digital Self-Service,Enterprise Software,3,4298.78,5.0,12896.34,3482.01,9414.33,True
ORD-11716,2025-07-26,CUST-178,North America,Direct Sales,Professional Consulting,1,7795.42,5.0,7795.42,4630.48,3164.94,True
ORD-11717,2025-07-13,CUST-151,North America,Inside Sales,Cloud Services,2,1742.9,0.0,3485.8,1317.63,2168.17,True
ORD-11718,2025-07-28,CUST-143,North America,Direct Sales,Cloud Services,1,1159.07,0.0,1159.07,438.13,720.94,True
ORD-11719,2025-07-12,CUST-293,EMEA,Partner / Reseller,Hardware & Peripherals,2,885.24,0.0,1770.48,1376.73,393.75,True
ORD-11720,2025-07-25,CUST-334,APAC,Inside Sales,Enterprise Software,2,1554.78,15.0,3109.56,839.58,2269.98,True
ORD-11721,2025-07-07,CUST-335,North America,Digital Self-Service,Professional Consulting,1,5196.97,5.0,5196.97,3087.0,2109.97,True
ORD-11722,2025-07-05,CUST-162,EMEA,Digital Self-Service,Enterprise Software,3,2054.33,0.0,6162.99,1664.01,4498.98,True
ORD-11723,2025-07-10,CUST-157,North America,Partner / Reseller,Professional Consulting,1,7899.57,0.0,7899.57,4692.34,3207.23,True
ORD-11724,2025-07-12,CUST-314,North America,Partner / Reseller,Enterprise Software,2,1278.94,5.0,2557.88,690.63,1867.25,True
ORD-11725,2025-07-30,CUST-330,LATAM,Digital Self-Service,Cloud Services,2,1239.2,10.0,2478.4,936.84,1541.56,True
ORD-11726,2025-07-14,CUST-330,LATAM,Partner / Reseller,Professional Consulting,1,3581.34,0.0,3581.34,2127.32,1454.02,True
ORD-11727,2025-07-14,CUST-311,LATAM,Partner / Reseller,Enterprise Software,1,3834.16,10.0,3834.16,1035.22,2798.94,True
ORD-11728,2025-07-21,CUST-229,EMEA,Digital Self-Service,Enterprise Software,2,4927.84,0.0,9855.68,2661.03,7194.65,True
ORD-11729,2025-07-29,CUST-265,LATAM,Partner / Reseller,Cloud Services,2,1912.22,5.0,3824.44,1445.64,2378.8,True
ORD-11730,2025-07-21,CUST-251,North America,Partner / Reseller,Professional Consulting,1,4761.43,0.0,4761.43,2828.29,1933.14,True
ORD-11731,2025-07-17,CUST-322,EMEA,Direct Sales,Cloud Services,1,520.85,5.0,520.85,196.88,323.97,True
ORD-11732,2025-07-05,CUST-329,EMEA,Inside Sales,Hardware & Peripherals,1,439.89,5.0,439.89,342.06,97.83,True
ORD-11733,2025-08-26,CUST-215,North America,Digital Self-Service,Hardware & Peripherals,1,1185.52,0.0,1185.52,921.86,263.66,True
ORD-11734,2025-08-20,CUST-296,EMEA,Digital Self-Service,Professional Consulting,1,5047.73,15.0,5047.73,2998.35,2049.38,True
ORD-11735,2025-08-21,CUST-298,LATAM,Direct Sales,Enterprise Software,2,4066.97,5.0,8133.94,2196.16,5937.78,True
ORD-11736,2025-08-25,CUST-298,APAC,Partner / Reseller,Enterprise Software,10,1939.55,10.0,19395.5,5236.79,14158.71,True
ORD-11737,2025-08-02,CUST-122,North America,Inside Sales,Cloud Services,1,1439.45,5.0,1439.45,544.11,895.34,True
ORD-11738,2025-08-23,CUST-135,APAC,Partner / Reseller,Enterprise Software,2,2748.78,0.0,5497.56,1484.34,4013.22,True
ORD-11739,2025-08-13,CUST-123,North America,Inside Sales,Enterprise Software,1,2835.37,0.0,2835.37,765.55,2069.82,True
ORD-11740,2025-08-13,CUST-292,North America,Digital Self-Service,Hardware & Peripherals,1,814.66,0.0,814.66,633.48,181.18,True
ORD-11741,2025-08-21,CUST-124,North America,Direct Sales,Enterprise Software,2,3317.09,0.0,6634.18,1791.23,4842.95,True
ORD-11742,2025-08-14,CUST-195,APAC,Partner / Reseller,Enterprise Software,2,4240.15,0.0,8480.3,2289.68,6190.62,True
ORD-11743,2025-08-21,CUST-124,APAC,Partner / Reseller,Cloud Services,10,1523.95,5.0,15239.5,5760.53,9478.97,True
ORD-11744,2025-08-20,CUST-297,North America,Partner / Reseller,Enterprise Software,3,2874.65,10.0,8623.95,2328.47,6295.48,True
ORD-11745,2025-08-16,CUST-345,APAC,Direct Sales,Enterprise Software,1,1347.34,10.0,1347.34,363.78,983.56,True
ORD-11746,2025-08-11,CUST-251,EMEA,Direct Sales,Hardware & Peripherals,2,263.16,5.0,526.32,409.27,117.05,True
ORD-11747,2025-08-21,CUST-216,LATAM,Inside Sales,Enterprise Software,1,3530.13,10.0,3530.13,953.14,2576.99,True
ORD-11748,2025-08-05,CUST-136,North America,Inside Sales,Cloud Services,1,537.47,0.0,537.47,203.16,334.31,True
ORD-11749,2025-08-14,CUST-222,APAC,Direct Sales,Enterprise Software,10,1422.77,10.0,14227.7,3841.48,10386.22,True
ORD-11750,2025-08-04,CUST-247,EMEA,Inside Sales,Cloud Services,1,1073.16,10.0,1073.16,405.65,667.51,True
ORD-11751,2025-08-22,CUST-150,North America,Inside Sales,Enterprise Software,1,2417.2,5.0,2417.2,652.64,1764.56,True
ORD-11752,2025-08-14,CUST-243,EMEA,Inside Sales,Enterprise Software,1,1290.57,0.0,1290.57,348.45,942.12,True
ORD-11753,2025-08-27,CUST-235,APAC,Partner / Reseller,Professional Consulting,2,6625.06,15.0,13250.12,7870.57,5379.55,True
ORD-11754,2025-08-11,CUST-144,EMEA,Direct Sales,Hardware & Peripherals,2,935.24,5.0,1870.48,1454.49,415.99,True
ORD-11755,2025-08-03,CUST-237,North America,Inside Sales,Hardware & Peripherals,1,554.15,10.0,554.15,430.91,123.24,True
ORD-11756,2025-08-18,CUST-111,LATAM,Direct Sales,Professional Consulting,2,5052.47,5.0,10104.94,6002.33,4102.61,True
ORD-11757,2025-08-07,CUST-152,EMEA,Direct Sales,Hardware & Peripherals,1,898.03,0.0,898.03,698.31,199.72,True
ORD-11758,2025-08-14,CUST-101,APAC,Digital Self-Service,Enterprise Software,5,3819.68,25.0,19098.4,5156.57,13941.83,True
ORD-11759,2025-08-14,CUST-111,North America,Partner / Reseller,Professional Consulting,3,4230.7,5.0,12692.1,7539.11,5152.99,True
ORD-11760,2025-08-10,CUST-321,APAC,Digital Self-Service,Hardware & Peripherals,2,593.98,0.0,1187.96,923.76,264.2,True
ORD-11761,2025-08-30,CUST-102,North America,Inside Sales,Cloud Services,1,2318.85,0.0,2318.85,876.53,1442.32,True
ORD-11762,2025-08-28,CUST-253,North America,Inside Sales,Hardware & Peripherals,1,1007.56,0.0,1007.56,783.48,224.08,True
ORD-11763,2025-08-26,CUST-263,North America,Partner / Reseller,Cloud Services,1,1792.22,15.0,1792.22,677.46,1114.76,True
ORD-11764,2025-08-17,CUST-289,North America,Inside Sales,Enterprise Software,1,3240.37,0.0,3240.37,874.9,2365.47,True
ORD-11765,2025-08-11,CUST-130,North America,Partner / Reseller,Enterprise Software,1,3366.41,25.0,3366.41,908.93,2457.48,True
ORD-11766,2025-08-19,CUST-109,EMEA,Direct Sales,Professional Consulting,1,3204.73,0.0,3204.73,1903.61,1301.12,True
ORD-11767,2025-08-03,CUST-306,North America,Inside Sales,Professional Consulting,2,3106.87,5.0,6213.74,3690.96,2522.78,True
ORD-11768,2025-08-16,CUST-269,LATAM,Partner / Reseller,Professional Consulting,2,4652.14,10.0,9304.28,5526.74,3777.54,True
ORD-11769,2025-08-25,CUST-187,APAC,Digital Self-Service,Enterprise Software,5,3361.45,15.0,16807.25,4537.96,12269.29,True
ORD-11770,2025-08-13,CUST-197,North America,Digital Self-Service,Cloud Services,1,2293.28,5.0,2293.28,866.86,1426.42,True
ORD-11771,2025-08-09,CUST-212,North America,Inside Sales,Enterprise Software,2,1938.49,0.0,3876.98,1046.78,2830.2,True
ORD-11772,2025-08-09,CUST-240,LATAM,Direct Sales,Cloud Services,1,1004.39,0.0,1004.39,379.66,624.73,True
ORD-11773,2025-08-04,CUST-143,EMEA,Digital Self-Service,Cloud Services,2,1521.97,0.0,3043.94,1150.61,1893.33,True
ORD-11774,2025-08-06,CUST-100,EMEA,Inside Sales,Hardware & Peripherals,1,868.53,10.0,868.53,675.37,193.16,True
ORD-11775,2025-08-05,CUST-239,North America,Inside Sales,Professional Consulting,1,6573.06,15.0,6573.06,3904.4,2668.66,True
ORD-11776,2025-08-22,CUST-333,APAC,Inside Sales,Enterprise Software,1,3805.32,5.0,3805.32,1027.44,2777.88,True
ORD-11777,2025-08-13,CUST-330,North America,Digital Self-Service,Hardware & Peripherals,1,818.53,0.0,818.53,636.49,182.04,True
ORD-11778,2025-08-11,CUST-165,APAC,Digital Self-Service,Cloud Services,5,766.14,10.0,3830.7,1448.0,2382.7,True
ORD-11779,2025-08-15,CUST-281,APAC,Partner / Reseller,Professional Consulting,1,2863.9,25.0,2863.9,1701.16,1162.74,True
ORD-11780,2025-08-06,CUST-207,APAC,Inside Sales,Professional Consulting,5,4117.65,10.0,20588.25,12229.42,8358.83,True
ORD-11781,2025-08-16,CUST-270,North America,Partner / Reseller,Hardware & Peripherals,1,636.69,0.0,636.69,495.09,141.6,True
ORD-11782,2025-08-24,CUST-268,APAC,Digital Self-Service,Enterprise Software,3,1939.49,15.0,5818.47,1570.99,4247.48,True
ORD-11783,2025-08-19,CUST-178,North America,Partner / Reseller,Professional Consulting,1,6752.47,5.0,6752.47,4010.97,2741.5,True
ORD-11784,2025-08-19,CUST-298,APAC,Inside Sales,Cloud Services,3,1030.67,0.0,3092.01,1168.78,1923.23,True
ORD-11785,2025-08-08,CUST-339,EMEA,Partner / Reseller,Enterprise Software,2,4581.71,15.0,9163.42,2474.12,6689.3,True
ORD-11786,2025-08-02,CUST-169,LATAM,Partner / Reseller,Cloud Services,2,1210.54,5.0,2421.08,915.17,1505.91,True
ORD-11787,2025-08-20,CUST-219,North America,Partner / Reseller,Professional Consulting,1,3186.86,10.0,3186.86,1892.99,1293.87,True
ORD-11788,2025-08-17,CUST-288,EMEA,Direct Sales,Enterprise Software,2,4745.48,5.0,9490.96,2562.56,6928.4,True
ORD-11789,2025-08-27,CUST-322,North America,Direct Sales,Enterprise Software,5,1281.57,0.0,6407.85,1730.12,4677.73,True
ORD-11790,2025-08-30,CUST-178,APAC,Digital Self-Service,Enterprise Software,5,4025.62,5.0,20128.1,5434.59,14693.51,True
ORD-11791,2025-08-12,CUST-280,North America,Digital Self-Service,Cloud Services,1,2139.33,0.0,2139.33,808.67,1330.66,True
ORD-11792,2025-08-19,CUST-130,EMEA,Inside Sales,Enterprise Software,1,4546.13,0.0,4546.13,1227.46,3318.67,True
ORD-11793,2025-08-19,CUST-317,APAC,Direct Sales,Cloud Services,1,1869.71,5.0,1869.71,706.75,1162.96,True
ORD-11794,2025-08-06,CUST-325,North America,Inside Sales,Hardware & Peripherals,1,251.92,5.0,251.92,195.89,56.03,True
ORD-11795,2025-08-26,CUST-338,North America,Partner / Reseller,Enterprise Software,3,3814.86,5.0,11444.58,3090.04,8354.54,True
ORD-11796,2025-08-02,CUST-326,North America,Direct Sales,Hardware & Peripherals,2,1143.93,15.0,2287.86,1779.04,508.82,True
ORD-11797,2025-08-04,CUST-334,North America,Partner / Reseller,Enterprise Software,2,3571.32,25.0,7142.64,1928.51,5214.13,True
ORD-11798,2025-08-12,CUST-190,EMEA,Inside Sales,Enterprise Software,2,4212.57,0.0,8425.14,2274.79,6150.35,True
ORD-11799,2025-08-30,CUST-164,North America,Digital Self-Service,Cloud Services,1,2482.57,25.0,2482.57,938.41,1544.16,True
ORD-11800,2025-08-30,CUST-113,EMEA,Digital Self-Service,Hardware & Peripherals,3,664.09,0.0,1992.27,1549.19,443.08,True
ORD-11801,2025-08-15,CUST-268,EMEA,Direct Sales,Enterprise Software,10,2236.78,0.0,22367.8,6039.31,16328.49,True
ORD-11802,2025-08-03,CUST-288,EMEA,Digital Self-Service,Enterprise Software,2,4917.34,0.0,9834.68,2655.36,7179.32,True
ORD-11803,2025-08-30,CUST-169,EMEA,Digital Self-Service,Cloud Services,2,1215.63,0.0,2431.26,919.02,1512.24,True
ORD-11804,2025-08-18,CUST-187,North America,Digital Self-Service,Professional Consulting,1,6704.72,10.0,6704.72,3982.6,2722.12,True
ORD-11805,2025-08-19,CUST-215,LATAM,Direct Sales,Enterprise Software,1,2270.24,10.0,2270.24,612.96,1657.28,True
ORD-11806,2025-08-31,CUST-307,North America,Direct Sales,Enterprise Software,1,3133.41,0.0,3133.41,846.02,2287.39,True
ORD-11807,2025-08-07,CUST-299,North America,Direct Sales,Enterprise Software,3,1785.22,0.0,5355.66,1446.03,3909.63,True
ORD-11808,2025-08-02,CUST-118,North America,Inside Sales,Professional Consulting,3,4046.81,5.0,12140.43,7211.42,4929.01,True
ORD-11809,2025-08-12,CUST-280,North America,Direct Sales,Professional Consulting,1,2635.0,0.0,2635.0,1565.19,1069.81,True
ORD-11810,2025-08-24,CUST-159,North America,Direct Sales,Hardware & Peripherals,2,154.03,0.0,308.06,239.55,68.51,True
ORD-11811,2025-08-22,CUST-226,EMEA,Partner / Reseller,Cloud Services,1,1399.69,5.0,1399.69,529.08,870.61,True
ORD-11812,2025-08-25,CUST-147,EMEA,Direct Sales,Cloud Services,1,2216.52,0.0,2216.52,837.84,1378.68,True
ORD-11813,2025-08-08,CUST-148,EMEA,Direct Sales,Enterprise Software,2,4537.07,0.0,9074.14,2450.02,6624.12,True
ORD-11814,2025-08-29,CUST-262,APAC,Digital Self-Service,Enterprise Software,1,4969.53,5.0,4969.53,1341.77,3627.76,True
ORD-11815,2025-08-18,CUST-188,APAC,Direct Sales,Cloud Services,1,858.34,5.0,858.34,324.45,533.89,True
ORD-11816,2025-08-23,CUST-116,EMEA,Direct Sales,Enterprise Software,1,4066.33,5.0,4066.33,1097.91,2968.42,True
ORD-11817,2025-08-28,CUST-214,North America,Direct Sales,Cloud Services,3,1815.47,0.0,5446.41,2058.74,3387.67,True
ORD-11818,2025-08-26,CUST-273,LATAM,Digital Self-Service,Hardware & Peripherals,2,529.55,10.0,1059.1,823.56,235.54,True
ORD-11819,2025-08-12,CUST-227,North America,Inside Sales,Cloud Services,1,1958.6,0.0,1958.6,740.35,1218.25,True
ORD-11820,2025-08-25,CUST-190,North America,Inside Sales,Enterprise Software,1,3431.47,0.0,3431.47,926.5,2504.97,True
ORD-11821,2025-08-27,CUST-330,EMEA,Partner / Reseller,Professional Consulting,1,7833.66,0.0,7833.66,4653.19,3180.47,True
ORD-11822,2025-08-26,CUST-301,North America,Partner / Reseller,Enterprise Software,3,4808.61,0.0,14425.83,3894.97,10530.86,True
ORD-11823,2025-08-02,CUST-138,EMEA,Partner / Reseller,Cloud Services,3,2116.55,0.0,6349.65,2400.17,3949.48,True
ORD-11824,2025-08-02,CUST-105,EMEA,Partner / Reseller,Enterprise Software,1,1769.62,0.0,1769.62,477.8,1291.82,True
ORD-11825,2025-08-29,CUST-285,EMEA,Inside Sales,Cloud Services,1,878.25,15.0,878.25,331.98,546.27,True
ORD-11826,2025-08-07,CUST-127,North America,Digital Self-Service,Cloud Services,1,1798.16,10.0,1798.16,679.7,1118.46,True
ORD-11827,2025-08-21,CUST-305,North America,Inside Sales,Enterprise Software,5,2093.58,0.0,10467.9,2826.33,7641.57,True
ORD-11828,2025-08-11,CUST-258,North America,Direct Sales,Cloud Services,1,1111.02,5.0,1111.02,419.97,691.05,True
ORD-11829,2025-08-18,CUST-321,North America,Inside Sales,Enterprise Software,3,3954.08,0.0,11862.24,3202.8,8659.44,True
ORD-11830,2025-08-16,CUST-276,North America,Digital Self-Service,Enterprise Software,5,2135.22,5.0,10676.1,2882.55,7793.55,True
ORD-11831,2025-08-30,CUST-247,APAC,Partner / Reseller,Hardware & Peripherals,2,976.15,15.0,1952.3,1518.11,434.19,True
ORD-11832,2025-08-12,CUST-281,EMEA,Partner / Reseller,Professional Consulting,3,5433.65,10.0,16300.95,9682.76,6618.19,True
ORD-11833,2025-08-09,CUST-230,APAC,Inside Sales,Cloud Services,1,1386.48,10.0,1386.48,524.09,862.39,True
ORD-11834,2025-08-21,CUST-330,APAC,Digital Self-Service,Enterprise Software,1,3211.1,0.0,3211.1,867.0,2344.1,True
ORD-11835,2025-08-14,CUST-136,North America,Direct Sales,Professional Consulting,1,6747.69,5.0,6747.69,4008.13,2739.56,True
ORD-11836,2025-09-09,CUST-223,EMEA,Digital Self-Service,Cloud Services,3,1087.15,25.0,3261.45,1232.83,2028.62,True
ORD-11837,2025-09-17,CUST-310,APAC,Partner / Reseller,Hardware & Peripherals,1,785.01,25.0,785.01,610.42,174.59,True
ORD-11838,2025-09-21,CUST-326,North America,Digital Self-Service,Cloud Services,1,1020.8,0.0,1020.8,385.86,634.94,True
ORD-11839,2025-09-14,CUST-166,North America,Digital Self-Service,Cloud Services,1,2119.03,0.0,2119.03,800.99,1318.04,True
ORD-11840,2025-09-22,CUST-298,APAC,Partner / Reseller,Cloud Services,1,1284.99,5.0,1284.99,485.73,799.26,True
ORD-11841,2025-09-14,CUST-127,LATAM,Inside Sales,Cloud Services,2,1647.07,0.0,3294.14,1245.18,2048.96,True
ORD-11842,2025-09-24,CUST-182,LATAM,Direct Sales,Cloud Services,2,998.0,0.0,1996.0,754.49,1241.51,True
ORD-11843,2025-09-12,CUST-284,North America,Direct Sales,Cloud Services,1,1174.53,5.0,1174.53,443.97,730.56,True
ORD-11844,2025-09-22,CUST-294,North America,Digital Self-Service,Enterprise Software,2,1876.39,0.0,3752.78,1013.25,2739.53,True
ORD-11845,2025-09-26,CUST-283,EMEA,Inside Sales,Cloud Services,1,2254.85,0.0,2254.85,852.33,1402.52,True
ORD-11846,2025-09-04,CUST-282,North America,Digital Self-Service,Enterprise Software,1,1588.56,25.0,1588.56,428.91,1159.65,True
ORD-11847,2025-09-12,CUST-202,EMEA,Inside Sales,Enterprise Software,1,2505.58,5.0,2505.58,676.51,1829.07,True
ORD-11848,2025-09-14,CUST-153,North America,Direct Sales,Cloud Services,1,1551.0,10.0,1551.0,586.28,964.72,True
ORD-11849,2025-09-29,CUST-242,North America,Partner / Reseller,Enterprise Software,2,2109.21,5.0,4218.42,1138.97,3079.45,True
ORD-11850,2025-09-03,CUST-322,North America,Digital Self-Service,Enterprise Software,1,2084.13,0.0,2084.13,562.72,1521.41,True
ORD-11851,2025-09-26,CUST-174,EMEA,Inside Sales,Cloud Services,1,1231.2,5.0,1231.2,465.39,765.81,True
ORD-11852,2025-09-03,CUST-225,North America,Direct Sales,Enterprise Software,1,1336.82,5.0,1336.82,360.94,975.88,True
ORD-11853,2025-09-13,CUST-138,EMEA,Digital Self-Service,Cloud Services,1,2140.98,0.0,2140.98,809.29,1331.69,True
ORD-11854,2025-09-13,CUST-255,North America,Partner / Reseller,Cloud Services,1,735.71,0.0,735.71,278.1,457.61,True
ORD-11855,2025-09-10,CUST-214,EMEA,Inside Sales,Enterprise Software,1,3671.76,0.0,3671.76,991.38,2680.38,True
ORD-11856,2025-09-05,CUST-323,North America,Digital Self-Service,Enterprise Software,2,4257.62,10.0,8515.24,2299.11,6216.13,True
ORD-11857,2025-09-23,CUST-218,North America,Partner / Reseller,Enterprise Software,1,3454.38,5.0,3454.38,932.68,2521.7,True
ORD-11858,2025-09-30,CUST-103,North America,Partner / Reseller,Professional Consulting,1,3300.84,15.0,3300.84,1960.7,1340.14,True
ORD-11859,2025-09-08,CUST-217,LATAM,Partner / Reseller,Cloud Services,2,1911.88,15.0,3823.76,1445.38,2378.38,True
ORD-11860,2025-09-17,CUST-319,LATAM,Direct Sales,Cloud Services,10,999.22,5.0,9992.2,3777.05,6215.15,True
ORD-11861,2025-09-30,CUST-102,LATAM,Direct Sales,Enterprise Software,1,1318.56,0.0,1318.56,356.01,962.55,True
ORD-11862,2025-09-14,CUST-194,North America,Partner / Reseller,Professional Consulting,1,7767.25,25.0,7767.25,4613.75,3153.5,True
ORD-11863,2025-09-25,CUST-105,North America,Direct Sales,Professional Consulting,1,2456.6,15.0,2456.6,1459.22,997.38,True
ORD-11864,2025-09-11,CUST-304,LATAM,Direct Sales,Enterprise Software,5,2936.33,15.0,14681.65,3964.05,10717.6,True
ORD-11865,2025-09-25,CUST-338,EMEA,Direct Sales,Hardware & Peripherals,3,982.4,0.0,2947.2,2291.74,655.46,True
ORD-11866,2025-09-25,CUST-242,North America,Direct Sales,Enterprise Software,2,4505.21,10.0,9010.42,2432.81,6577.61,True
ORD-11867,2025-09-17,CUST-201,EMEA,Direct Sales,Enterprise Software,1,3828.85,0.0,3828.85,1033.79,2795.06,True
ORD-11868,2025-09-15,CUST-247,APAC,Direct Sales,Professional Consulting,10,4474.55,25.0,44745.5,26578.83,18166.67,True
ORD-11869,2025-09-30,CUST-305,North America,Digital Self-Service,Enterprise Software,1,2269.96,25.0,2269.96,612.89,1657.07,True
ORD-11870,2025-09-08,CUST-266,North America,Inside Sales,Enterprise Software,1,2902.36,5.0,2902.36,783.64,2118.72,True
ORD-11871,2025-09-24,CUST-112,North America,Direct Sales,Cloud Services,3,886.19,5.0,2658.57,1004.94,1653.63,True
ORD-11872,2025-09-16,CUST-330,North America,Partner / Reseller,Professional Consulting,1,5267.54,0.0,5267.54,3128.92,2138.62,True
ORD-11873,2025-09-22,CUST-219,LATAM,Digital Self-Service,Enterprise Software,1,1861.06,0.0,1861.06,502.49,1358.57,True
ORD-11874,2025-09-23,CUST-192,LATAM,Direct Sales,Professional Consulting,1,4967.06,5.0,4967.06,2950.43,2016.63,True
ORD-11875,2025-09-30,CUST-215,APAC,Partner / Reseller,Enterprise Software,2,4713.93,15.0,9427.86,2545.52,6882.34,True
ORD-11876,2025-09-12,CUST-253,North America,Partner / Reseller,Cloud Services,2,2205.39,15.0,4410.78,1667.27,2743.51,True
ORD-11877,2025-09-20,CUST-277,North America,Inside Sales,Enterprise Software,1,4301.78,15.0,4301.78,1161.48,3140.3,True
ORD-11878,2025-09-18,CUST-165,LATAM,Partner / Reseller,Cloud Services,2,1491.09,10.0,2982.18,1127.26,1854.92,True
ORD-11879,2025-09-23,CUST-287,APAC,Digital Self-Service,Professional Consulting,1,4009.4,5.0,4009.4,2381.58,1627.82,True
ORD-11880,2025-09-14,CUST-189,APAC,Direct Sales,Cloud Services,1,2120.66,0.0,2120.66,801.61,1319.05,True
ORD-11881,2025-09-22,CUST-148,EMEA,Direct Sales,Cloud Services,3,2152.13,5.0,6456.39,2440.52,4015.87,True
ORD-11882,2025-10-01,CUST-203,North America,Partner / Reseller,Enterprise Software,1,4810.42,5.0,4810.42,1298.81,3511.61,True
ORD-11883,2025-09-05,CUST-175,North America,Partner / Reseller,Hardware & Peripherals,1,350.56,10.0,350.56,272.6,77.96,True
ORD-11884,2025-09-23,CUST-208,LATAM,Inside Sales,Enterprise Software,5,2163.05,0.0,10815.25,2920.12,7895.13,True
ORD-11885,2025-09-21,CUST-209,EMEA,Inside Sales,Enterprise Software,1,2673.44,5.0,2673.44,721.83,1951.61,True
ORD-11886,2025-09-20,CUST-181,North America,Digital Self-Service,Enterprise Software,1,3067.07,10.0,3067.07,828.11,2238.96,True
ORD-11887,2025-09-29,CUST-208,EMEA,Digital Self-Service,Professional Consulting,2,6517.51,15.0,13035.02,7742.8,5292.22,True
ORD-11888,2025-09-23,CUST-224,APAC,Direct Sales,Cloud Services,1,457.39,5.0,457.39,172.89,284.5,True
ORD-11889,2025-09-19,CUST-261,LATAM,Inside Sales,Enterprise Software,3,2132.48,0.0,6397.44,1727.31,4670.13,True
ORD-11890,2025-09-12,CUST-179,EMEA,Inside Sales,Enterprise Software,1,4939.2,0.0,4939.2,1333.58,3605.62,True
ORD-11891,2025-09-15,CUST-272,APAC,Inside Sales,Enterprise Software,2,3798.53,0.0,7597.06,2051.21,5545.85,True
ORD-11892,2025-09-07,CUST-336,EMEA,Direct Sales,Cloud Services,1,1863.98,0.0,1863.98,704.58,1159.4,True
ORD-11893,2025-09-05,CUST-175,APAC,Direct Sales,Cloud Services,3,1431.31,0.0,4293.93,1623.11,2670.82,True
ORD-11894,2025-09-12,CUST-119,North America,Inside Sales,Cloud Services,5,1842.3,0.0,9211.5,3481.95,5729.55,True
ORD-11895,2025-09-14,CUST-297,North America,Digital Self-Service,Professional Consulting,3,6840.82,0.0,20522.46,12190.34,8332.12,True
ORD-11896,2025-09-12,CUST-282,North America,Direct Sales,Professional Consulting,1,5501.42,0.0,5501.42,3267.84,2233.58,True
ORD-11897,2025-09-06,CUST-106,North America,Digital Self-Service,Enterprise Software,2,4919.43,10.0,9838.86,2656.49,7182.37,True
ORD-11898,2025-09-15,CUST-262,EMEA,Inside Sales,Enterprise Software,2,3195.67,5.0,6391.34,1725.66,4665.68,True
ORD-11899,2025-09-10,CUST-122,North America,Digital Self-Service,Cloud Services,1,1874.3,5.0,1874.3,708.49,1165.81,True
ORD-11900,2025-09-18,CUST-130,North America,Direct Sales,Hardware & Peripherals,3,1101.95,5.0,3305.85,2570.63,735.22,True
ORD-11901,2025-09-23,CUST-242,North America,Direct Sales,Enterprise Software,1,3707.48,25.0,3707.48,1001.02,2706.46,True
ORD-11902,2025-09-23,CUST-159,North America,Digital Self-Service,Enterprise Software,2,2770.37,0.0,5540.74,1496.0,4044.74,True
ORD-11903,2025-09-24,CUST-103,North America,Digital Self-Service,Enterprise Software,1,2613.06,5.0,2613.06,705.53,1907.53,True
ORD-11904,2025-09-02,CUST-162,APAC,Partner / Reseller,Enterprise Software,1,4283.55,0.0,4283.55,1156.56,3126.99,True
ORD-11905,2025-09-17,CUST-241,EMEA,Direct Sales,Cloud Services,1,849.66,0.0,849.66,321.17,528.49,True
ORD-11906,2025-09-06,CUST-222,EMEA,Direct Sales,Professional Consulting,2,2872.42,5.0,5744.84,3412.43,2332.41,True
ORD-11907,2025-09-09,CUST-340,North America,Digital Self-Service,Cloud Services,2,1268.37,5.0,2536.74,958.89,1577.85,True
ORD-11908,2025-09-26,CUST-107,North America,Digital Self-Service,Cloud Services,2,2228.4,0.0,4456.8,1684.67,2772.13,True
ORD-11909,2025-09-21,CUST-222,EMEA,Inside Sales,Professional Consulting,3,3348.33,5.0,10044.99,5966.72,4078.27,True
ORD-11910,2025-09-26,CUST-227,APAC,Inside Sales,Cloud Services,1,906.82,5.0,906.82,342.78,564.04,True
ORD-11911,2025-09-15,CUST-137,APAC,Direct Sales,Enterprise Software,3,1522.4,0.0,4567.2,1233.14,3334.06,True
ORD-11912,2025-09-14,CUST-187,North America,Digital Self-Service,Enterprise Software,10,3670.63,15.0,36706.3,9910.7,26795.6,True
ORD-11913,2025-09-29,CUST-323,APAC,Partner / Reseller,Hardware & Peripherals,1,687.01,5.0,687.01,534.22,152.79,True
ORD-11914,2025-09-04,CUST-257,EMEA,Digital Self-Service,Cloud Services,1,2447.98,5.0,2447.98,925.34,1522.64,True
ORD-11915,2025-10-01,CUST-180,LATAM,Digital Self-Service,Enterprise Software,1,2298.0,15.0,2298.0,620.46,1677.54,True
ORD-11916,2025-09-20,CUST-185,EMEA,Inside Sales,Enterprise Software,1,4894.89,0.0,4894.89,1321.62,3573.27,True
ORD-11917,2025-09-21,CUST-327,APAC,Digital Self-Service,Cloud Services,2,1784.13,0.0,3568.26,1348.8,2219.46,True
ORD-11918,2025-09-23,CUST-304,EMEA,Partner / Reseller,Enterprise Software,1,3262.55,0.0,3262.55,880.89,2381.66,True
ORD-11919,2025-09-25,CUST-302,EMEA,Digital Self-Service,Professional Consulting,1,5831.57,0.0,5831.57,3463.95,2367.62,True
ORD-11920,2025-09-22,CUST-283,North America,Inside Sales,Professional Consulting,1,4249.99,5.0,4249.99,2524.49,1725.5,True
ORD-11921,2025-09-06,CUST-196,APAC,Inside Sales,Enterprise Software,1,1473.79,0.0,1473.79,397.92,1075.87,True
ORD-11922,2025-09-08,CUST-339,LATAM,Digital Self-Service,Professional Consulting,1,3528.87,5.0,3528.87,2096.15,1432.72,True
ORD-11923,2025-09-15,CUST-225,EMEA,Inside Sales,Enterprise Software,1,1393.77,5.0,1393.77,376.32,1017.45,True
ORD-11924,2025-09-12,CUST-305,LATAM,Direct Sales,Enterprise Software,1,1888.2,10.0,1888.2,509.81,1378.39,True
ORD-11925,2025-09-10,CUST-124,LATAM,Inside Sales,Enterprise Software,1,3233.85,0.0,3233.85,873.14,2360.71,True
ORD-11926,2025-09-30,CUST-350,EMEA,Digital Self-Service,Cloud Services,1,525.75,0.0,525.75,198.73,327.02,True
ORD-11927,2025-09-09,CUST-168,LATAM,Digital Self-Service,Enterprise Software,2,3549.59,10.0,7099.18,1916.78,5182.4,True
ORD-11928,2025-09-06,CUST-143,APAC,Inside Sales,Enterprise Software,2,3419.66,0.0,6839.32,1846.62,4992.7,True
ORD-11929,2025-09-21,CUST-257,LATAM,Digital Self-Service,Enterprise Software,2,1809.5,10.0,3619.0,977.13,2641.87,True
ORD-11930,2025-09-05,CUST-217,EMEA,Partner / Reseller,Enterprise Software,1,4412.45,15.0,4412.45,1191.36,3221.09,True
ORD-11931,2025-09-10,CUST-248,APAC,Inside Sales,Enterprise Software,1,2107.33,5.0,2107.33,568.98,1538.35,True
ORD-11932,2025-09-09,CUST-213,North America,Inside Sales,Enterprise Software,2,1511.59,15.0,3023.18,816.26,2206.92,True
ORD-11933,2025-09-26,CUST-325,EMEA,Inside Sales,Enterprise Software,1,3256.81,10.0,3256.81,879.34,2377.47,True
ORD-11934,2025-09-18,CUST-199,APAC,Partner / Reseller,Enterprise Software,1,1278.72,0.0,1278.72,345.25,933.47,True
ORD-11935,2025-09-24,CUST-143,APAC,Partner / Reseller,Enterprise Software,2,4380.37,0.0,8760.74,2365.4,6395.34,True
ORD-11936,2025-09-13,CUST-159,North America,Inside Sales,Cloud Services,1,922.41,25.0,922.41,348.67,573.74,True
ORD-11937,2025-09-23,CUST-215,EMEA,Direct Sales,Hardware & Peripherals,2,406.28,0.0,812.56,631.85,180.71,True
ORD-11938,2025-09-13,CUST-214,APAC,Direct Sales,Enterprise Software,1,1277.88,5.0,1277.88,345.03,932.85,True
ORD-11939,2025-09-13,CUST-222,North America,Partner / Reseller,Enterprise Software,10,2593.06,15.0,25930.6,7001.26,18929.34,True
ORD-11940,2025-10-22,CUST-109,LATAM,Digital Self-Service,Cloud Services,1,1514.97,0.0,1514.97,572.66,942.31,True
ORD-11941,2025-10-09,CUST-278,EMEA,Digital Self-Service,Enterprise Software,1,4680.23,0.0,4680.23,1263.66,3416.57,True
ORD-11942,2025-10-31,CUST-211,North America,Partner / Reseller,Enterprise Software,1,1766.31,0.0,1766.31,476.9,1289.41,True
ORD-11943,2025-10-11,CUST-258,North America,Partner / Reseller,Enterprise Software,3,1453.76,0.0,4361.28,1177.55,3183.73,True
ORD-11944,2025-10-17,CUST-306,LATAM,Direct Sales,Hardware & Peripherals,1,1089.67,0.0,1089.67,847.33,242.34,True
ORD-11945,2025-10-05,CUST-299,EMEA,Digital Self-Service,Enterprise Software,1,4175.95,10.0,4175.95,1127.51,3048.44,True
ORD-11946,2025-10-06,CUST-183,APAC,Digital Self-Service,Cloud Services,2,792.29,5.0,1584.58,598.97,985.61,True
ORD-11947,2025-10-02,CUST-142,North America,Partner / Reseller,Cloud Services,1,2279.16,10.0,2279.16,861.52,1417.64,True
ORD-11948,2025-10-09,CUST-171,EMEA,Inside Sales,Professional Consulting,2,7005.68,0.0,14011.36,8322.75,5688.61,True
ORD-11949,2025-10-05,CUST-110,North America,Inside Sales,Professional Consulting,2,2972.52,0.0,5945.04,3531.35,2413.69,True
ORD-11950,2025-10-11,CUST-201,EMEA,Inside Sales,Cloud Services,2,2077.56,15.0,4155.12,1570.64,2584.48,True
ORD-11951,2025-10-16,CUST-255,EMEA,Inside Sales,Hardware & Peripherals,1,1140.45,10.0,1140.45,886.81,253.64,True
ORD-11952,2025-10-18,CUST-132,APAC,Partner / Reseller,Hardware & Peripherals,3,325.24,0.0,975.72,758.72,217.0,True
ORD-11953,2025-10-13,CUST-197,North America,Digital Self-Service,Professional Consulting,3,2693.22,0.0,8079.66,4799.32,3280.34,True
ORD-11954,2025-10-17,CUST-263,APAC,Inside Sales,Enterprise Software,1,1260.96,15.0,1260.96,340.46,920.5,True
ORD-11955,2025-10-27,CUST-201,North America,Direct Sales,Professional Consulting,2,2839.07,15.0,5678.14,3372.82,2305.32,True
ORD-11956,2025-10-30,CUST-219,North America,Partner / Reseller,Cloud Services,1,1422.23,5.0,1422.23,537.6,884.63,True
ORD-11957,2025-10-15,CUST-263,LATAM,Digital Self-Service,Hardware & Peripherals,1,407.63,0.0,407.63,316.97,90.66,True
ORD-11958,2025-10-13,CUST-210,North America,Digital Self-Service,Cloud Services,2,1211.77,0.0,2423.54,916.1,1507.44,True
ORD-11959,2025-10-18,CUST-316,EMEA,Digital Self-Service,Cloud Services,10,485.1,0.0,4851.0,1833.68,3017.32,True
ORD-11960,2025-10-11,CUST-137,APAC,Digital Self-Service,Hardware & Peripherals,10,324.24,0.0,3242.4,2521.29,721.11,True
ORD-11961,2025-10-18,CUST-203,North America,Inside Sales,Enterprise Software,1,3180.15,0.0,3180.15,858.64,2321.51,True
ORD-11962,2025-10-12,CUST-131,APAC,Inside Sales,Enterprise Software,1,1393.48,5.0,1393.48,376.24,1017.24,True
ORD-11963,2025-10-18,CUST-244,EMEA,Partner / Reseller,Enterprise Software,2,4161.37,15.0,8322.74,2247.14,6075.6,True
ORD-11964,2025-10-14,CUST-262,North America,Partner / Reseller,Enterprise Software,2,3914.23,10.0,7828.46,2113.68,5714.78,True
ORD-11965,2025-10-08,CUST-110,North America,Direct Sales,Enterprise Software,1,2658.78,25.0,2658.78,717.87,1940.91,True
ORD-11966,2025-10-08,CUST-326,North America,Digital Self-Service,Cloud Services,2,806.69,25.0,1613.38,609.86,1003.52,True
ORD-11967,2025-10-08,CUST-167,EMEA,Direct Sales,Enterprise Software,3,1451.67,0.0,4355.01,1175.85,3179.16,True
ORD-11968,2025-10-31,CUST-120,EMEA,Digital Self-Service,Hardware & Peripherals,1,1121.06,5.0,1121.06,871.74,249.32,True
ORD-11969,2025-10-13,CUST-242,EMEA,Digital Self-Service,Professional Consulting,1,7734.01,5.0,7734.01,4594.0,3140.01,True
ORD-11970,2025-10-12,CUST-250,EMEA,Digital Self-Service,Cloud Services,3,1802.28,10.0,5406.84,2043.79,3363.05,True
ORD-11971,2025-10-26,CUST-223,North America,Digital Self-Service,Hardware & Peripherals,1,387.51,5.0,387.51,301.33,86.18,True
ORD-11972,2025-10-25,CUST-305,APAC,Direct Sales,Hardware & Peripherals,2,203.85,10.0,407.7,317.03,90.67,True
ORD-11973,2025-10-19,CUST-163,EMEA,Partner / Reseller,Enterprise Software,3,4177.21,15.0,12531.63,3383.54,9148.09,True
ORD-11974,2025-10-24,CUST-207,EMEA,Digital Self-Service,Cloud Services,2,1162.29,0.0,2324.58,878.69,1445.89,True
ORD-11975,2025-10-07,CUST-298,North America,Direct Sales,Cloud Services,2,2391.83,5.0,4783.66,1808.22,2975.44,True
ORD-11976,2025-10-28,CUST-185,LATAM,Direct Sales,Cloud Services,10,1269.87,0.0,12698.7,4800.11,7898.59,True
ORD-11977,2025-10-17,CUST-250,North America,Inside Sales,Professional Consulting,5,4951.16,10.0,24755.8,14704.95,10050.85,True
ORD-11978,2025-10-11,CUST-253,North America,Inside Sales,Enterprise Software,1,4257.21,15.0,4257.21,1149.45,3107.76,True
ORD-11979,2025-10-05,CUST-238,North America,Direct Sales,Enterprise Software,1,4225.54,15.0,4225.54,1140.9,3084.64,True
ORD-11980,2025-10-27,CUST-100,EMEA,Direct Sales,Professional Consulting,10,5887.82,0.0,58878.2,34973.65,23904.55,True
ORD-11981,2025-10-28,CUST-191,EMEA,Direct Sales,Enterprise Software,3,3805.51,0.0,11416.53,3082.46,8334.07,True
ORD-11982,2025-10-30,CUST-121,LATAM,Direct Sales,Enterprise Software,10,1579.89,10.0,15798.9,4265.7,11533.2,True
ORD-11983,2025-10-08,CUST-225,North America,Digital Self-Service,Professional Consulting,3,7382.34,5.0,22147.02,13155.33,8991.69,True
ORD-11984,2025-10-18,CUST-218,EMEA,Digital Self-Service,Enterprise Software,1,3528.4,0.0,3528.4,952.67,2575.73,True
ORD-11985,2025-10-26,CUST-276,North America,Inside Sales,Cloud Services,2,601.85,15.0,1203.7,455.0,748.7,True
ORD-11986,2025-10-23,CUST-343,EMEA,Digital Self-Service,Enterprise Software,1,2996.11,5.0,2996.11,808.95,2187.16,True
ORD-11987,2025-10-28,CUST-316,North America,Digital Self-Service,Cloud Services,1,2094.63,0.0,2094.63,791.77,1302.86,True
ORD-11988,2025-10-16,CUST-250,APAC,Partner / Reseller,Enterprise Software,1,1789.83,0.0,1789.83,483.25,1306.58,True
ORD-11989,2025-10-16,CUST-185,EMEA,Partner / Reseller,Enterprise Software,1,3946.52,10.0,3946.52,1065.56,2880.96,True
ORD-11990,2025-10-15,CUST-271,EMEA,Digital Self-Service,Cloud Services,2,2352.73,15.0,4705.46,1778.66,2926.8,True
ORD-11991,2025-10-08,CUST-200,North America,Direct Sales,Hardware & Peripherals,1,838.99,0.0,838.99,652.4,186.59,True
ORD-11992,2025-10-28,CUST-227,EMEA,Inside Sales,Professional Consulting,1,3513.09,10.0,3513.09,2086.78,1426.31,True
ORD-11993,2025-10-29,CUST-347,EMEA,Digital Self-Service,Enterprise Software,1,1705.03,25.0,1705.03,460.36,1244.67,True
ORD-11994,2025-10-26,CUST-300,North America,Digital Self-Service,Cloud Services,1,1869.7,5.0,1869.7,706.75,1162.95,True
ORD-11995,2025-10-17,CUST-135,North America,Inside Sales,Professional Consulting,1,4007.34,25.0,4007.34,2380.36,1626.98,True
ORD-11996,2025-10-31,CUST-102,EMEA,Digital Self-Service,Enterprise Software,1,1885.95,10.0,1885.95,509.21,1376.74,True
ORD-11997,2025-10-13,CUST-348,EMEA,Partner / Reseller,Enterprise Software,2,1597.47,0.0,3194.94,862.63,2332.31,True
ORD-11998,2025-10-23,CUST-235,North America,Partner / Reseller,Cloud Services,1,1946.75,5.0,1946.75,735.87,1210.88,True
ORD-11999,2025-10-25,CUST-240,North America,Inside Sales,Professional Consulting,2,4729.72,0.0,9459.44,5618.91,3840.53,True
ORD-12000,2025-10-12,CUST-116,EMEA,Inside Sales,Enterprise Software,5,3439.42,15.0,17197.1,4643.22,12553.88,True
ORD-12001,2025-10-31,CUST-313,EMEA,Inside Sales,Hardware & Peripherals,5,750.49,0.0,3752.45,2917.91,834.54,True
ORD-12002,2025-10-30,CUST-331,EMEA,Inside Sales,Cloud Services,1,481.29,0.0,481.29,181.93,299.36,True
ORD-12003,2025-10-18,CUST-161,North America,Inside Sales,Enterprise Software,3,2042.84,0.0,6128.52,1654.7,4473.82,True
ORD-12004,2025-10-04,CUST-239,LATAM,Direct Sales,Professional Consulting,3,3641.81,5.0,10925.43,6489.71,4435.72,True
ORD-12005,2025-10-25,CUST-253,EMEA,Inside Sales,Professional Consulting,1,5840.12,25.0,5840.12,3469.03,2371.09,True
ORD-12006,2025-10-08,CUST-318,North America,Inside Sales,Cloud Services,2,1559.95,5.0,3119.9,1179.32,1940.58,True
ORD-12007,2025-10-12,CUST-209,North America,Partner / Reseller,Enterprise Software,1,3693.19,15.0,3693.19,997.16,2696.03,True
ORD-12008,2025-10-02,CUST-143,EMEA,Digital Self-Service,Enterprise Software,2,4738.11,5.0,9476.22,2558.58,6917.64,True
ORD-12009,2025-10-30,CUST-295,LATAM,Digital Self-Service,Cloud Services,1,1931.24,25.0,1931.24,730.01,1201.23,True
ORD-12010,2025-10-24,CUST-323,North America,Direct Sales,Cloud Services,10,544.04,25.0,5440.4,2056.47,3383.93,True
ORD-12011,2025-10-04,CUST-347,North America,Inside Sales,Professional Consulting,5,6766.56,0.0,33832.8,20096.68,13736.12,True
ORD-12012,2025-10-18,CUST-131,EMEA,Digital Self-Service,Professional Consulting,1,6677.23,10.0,6677.23,3966.27,2710.96,True
ORD-12013,2025-10-13,CUST-148,EMEA,Digital Self-Service,Professional Consulting,1,4119.44,10.0,4119.44,2446.95,1672.49,True
ORD-12014,2025-10-31,CUST-122,LATAM,Partner / Reseller,Hardware & Peripherals,2,994.59,0.0,1989.18,1546.79,442.39,True
ORD-12015,2025-10-07,CUST-336,APAC,Digital Self-Service,Cloud Services,1,1848.01,0.0,1848.01,698.55,1149.46,True
ORD-12016,2025-10-29,CUST-231,APAC,Inside Sales,Enterprise Software,1,4075.67,0.0,4075.67,1100.43,2975.24,True
ORD-12017,2025-10-08,CUST-278,North America,Partner / Reseller,Cloud Services,2,1415.19,10.0,2830.38,1069.88,1760.5,True
ORD-12018,2025-10-31,CUST-199,North America,Digital Self-Service,Hardware & Peripherals,2,669.09,0.0,1338.18,1040.57,297.61,True
ORD-12019,2025-10-03,CUST-104,LATAM,Digital Self-Service,Enterprise Software,2,1914.71,5.0,3829.42,1033.94,2795.48,True
ORD-12020,2025-10-15,CUST-218,North America,Direct Sales,Professional Consulting,1,2044.63,5.0,2044.63,1214.51,830.12,True
ORD-12021,2025-10-19,CUST-241,LATAM,Digital Self-Service,Professional Consulting,1,5557.31,0.0,5557.31,3301.04,2256.27,True
ORD-12022,2025-10-27,CUST-179,EMEA,Inside Sales,Enterprise Software,1,4373.86,0.0,4373.86,1180.94,3192.92,True
ORD-12023,2025-10-29,CUST-135,EMEA,Inside Sales,Enterprise Software,2,4768.38,25.0,9536.76,2574.93,6961.83,True
ORD-12024,2025-10-10,CUST-235,North America,Inside Sales,Enterprise Software,1,2765.71,0.0,2765.71,746.74,2018.97,True
ORD-12025,2025-10-11,CUST-147,EMEA,Partner / Reseller,Cloud Services,1,454.91,15.0,454.91,171.96,282.95,True
ORD-12026,2025-10-21,CUST-349,North America,Digital Self-Service,Cloud Services,1,610.26,0.0,610.26,230.68,379.58,True
ORD-12027,2025-10-05,CUST-159,North America,Digital Self-Service,Enterprise Software,3,2006.78,10.0,6020.34,1625.49,4394.85,True
ORD-12028,2025-10-19,CUST-282,EMEA,Digital Self-Service,Professional Consulting,1,7477.84,15.0,7477.84,4441.84,3036.0,True
ORD-12029,2025-10-23,CUST-110,North America,Inside Sales,Enterprise Software,2,4602.24,0.0,9204.48,2485.21,6719.27,True
ORD-12030,2025-10-12,CUST-342,LATAM,Direct Sales,Enterprise Software,1,1397.8,0.0,1397.8,377.41,1020.39,True
ORD-12031,2025-10-17,CUST-127,North America,Partner / Reseller,Enterprise Software,1,4276.1,0.0,4276.1,1154.55,3121.55,True
ORD-12032,2025-10-07,CUST-126,EMEA,Direct Sales,Enterprise Software,2,4689.02,5.0,9378.04,2532.07,6845.97,True
ORD-12033,2025-10-25,CUST-321,EMEA,Partner / Reseller,Professional Consulting,5,3016.22,25.0,15081.1,8958.17,6122.93,True
ORD-12034,2025-10-02,CUST-286,APAC,Partner / Reseller,Cloud Services,2,2237.65,5.0,4475.3,1691.66,2783.64,True
ORD-12035,2025-10-09,CUST-149,APAC,Digital Self-Service,Enterprise Software,2,2001.83,0.0,4003.66,1080.99,2922.67,True
ORD-12036,2025-10-14,CUST-168,North America,Direct Sales,Hardware & Peripherals,2,582.12,10.0,1164.24,905.31,258.93,True
ORD-12037,2025-10-10,CUST-203,EMEA,Digital Self-Service,Cloud Services,10,1445.12,5.0,14451.2,5462.55,8988.65,True
ORD-12038,2025-10-20,CUST-271,North America,Direct Sales,Enterprise Software,1,3635.12,0.0,3635.12,981.48,2653.64,True
ORD-12039,2025-10-09,CUST-134,LATAM,Digital Self-Service,Professional Consulting,2,6387.51,25.0,12775.02,7588.36,5186.66,True
ORD-12040,2025-10-20,CUST-278,North America,Direct Sales,Enterprise Software,1,1998.78,0.0,1998.78,539.67,1459.11,True
ORD-12041,2025-10-16,CUST-322,North America,Inside Sales,Enterprise Software,2,3952.39,0.0,7904.78,2134.29,5770.49,True
ORD-12042,2025-10-18,CUST-262,North America,Inside Sales,Cloud Services,1,1331.16,0.0,1331.16,503.18,827.98,True
ORD-12043,2025-10-29,CUST-225,LATAM,Inside Sales,Cloud Services,1,2388.21,0.0,2388.21,902.74,1485.47,True
ORD-12044,2025-10-02,CUST-313,North America,Inside Sales,Cloud Services,2,733.07,5.0,1466.14,554.2,911.94,True
ORD-12045,2025-11-08,CUST-171,North America,Direct Sales,Cloud Services,1,2250.74,5.0,2250.74,850.78,1399.96,True
ORD-12046,2025-11-26,CUST-264,North America,Partner / Reseller,Cloud Services,1,1631.62,5.0,1631.62,616.75,1014.87,True
ORD-12047,2025-11-10,CUST-222,North America,Partner / Reseller,Professional Consulting,1,7781.05,0.0,7781.05,4621.94,3159.11,True
ORD-12048,2025-11-09,CUST-241,EMEA,Partner / Reseller,Cloud Services,10,1207.62,0.0,12076.2,4564.8,7511.4,True
ORD-12049,2025-11-25,CUST-320,EMEA,Digital Self-Service,Enterprise Software,1,2168.28,10.0,2168.28,585.44,1582.84,True
ORD-12050,2025-11-02,CUST-330,North America,Partner / Reseller,Enterprise Software,1,4837.19,10.0,4837.19,1306.04,3531.15,True
ORD-12051,2025-11-23,CUST-336,EMEA,Partner / Reseller,Hardware & Peripherals,2,1048.64,5.0,2097.28,1630.84,466.44,True
ORD-12052,2025-11-18,CUST-276,APAC,Inside Sales,Enterprise Software,1,4842.76,5.0,4842.76,1307.55,3535.21,True
ORD-12053,2025-11-02,CUST-284,APAC,Digital Self-Service,Cloud Services,2,793.48,5.0,1586.96,599.87,987.09,True
ORD-12054,2025-11-10,CUST-345,EMEA,Digital Self-Service,Cloud Services,2,1720.58,0.0,3441.16,1300.76,2140.4,True
ORD-12055,2025-11-17,CUST-319,North America,Inside Sales,Cloud Services,1,2269.54,10.0,2269.54,857.89,1411.65,True
ORD-12056,2025-11-19,CUST-104,EMEA,Direct Sales,Enterprise Software,5,2064.8,5.0,10324.0,2787.48,7536.52,True
ORD-12057,2025-11-06,CUST-205,EMEA,Direct Sales,Enterprise Software,1,4492.9,0.0,4492.9,1213.08,3279.82,True
ORD-12058,2025-11-19,CUST-155,North America,Direct Sales,Cloud Services,2,685.01,0.0,1370.02,517.87,852.15,True
ORD-12059,2025-12-01,CUST-250,APAC,Partner / Reseller,Cloud Services,1,652.58,0.0,652.58,246.68,405.9,True
ORD-12060,2025-12-01,CUST-302,EMEA,Partner / Reseller,Enterprise Software,3,1651.36,0.0,4954.08,1337.6,3616.48,True
ORD-12061,2025-11-24,CUST-286,North America,Inside Sales,Enterprise Software,2,1834.74,10.0,3669.48,990.76,2678.72,True
ORD-12062,2025-11-08,CUST-228,EMEA,Digital Self-Service,Professional Consulting,1,7324.81,0.0,7324.81,4350.94,2973.87,True
ORD-12063,2025-11-24,CUST-278,North America,Direct Sales,Enterprise Software,1,2556.22,25.0,2556.22,690.18,1866.04,True
ORD-12064,2025-11-20,CUST-140,North America,Direct Sales,Enterprise Software,1,2245.98,10.0,2245.98,606.41,1639.57,True
ORD-12065,2025-11-08,CUST-115,EMEA,Partner / Reseller,Professional Consulting,1,3185.87,5.0,3185.87,1892.41,1293.46,True
ORD-12066,2025-11-03,CUST-260,APAC,Digital Self-Service,Enterprise Software,1,4666.52,10.0,4666.52,1259.96,3406.56,True
ORD-12067,2025-11-15,CUST-221,North America,Partner / Reseller,Enterprise Software,3,1440.42,0.0,4321.26,1166.74,3154.52,True
ORD-12068,2025-11-19,CUST-121,APAC,Partner / Reseller,Enterprise Software,1,4403.05,0.0,4403.05,1188.82,3214.23,True
ORD-12069,2025-11-15,CUST-168,EMEA,Digital Self-Service,Enterprise Software,3,2071.18,15.0,6213.54,1677.66,4535.88,True
ORD-12070,2025-11-07,CUST-155,LATAM,Inside Sales,Professional Consulting,2,5565.62,0.0,11131.24,6611.96,4519.28,True
ORD-12071,2025-11-28,CUST-154,LATAM,Direct Sales,Professional Consulting,1,3675.05,0.0,3675.05,2182.98,1492.07,True
ORD-12072,2025-11-11,CUST-323,EMEA,Partner / Reseller,Enterprise Software,5,3234.7,15.0,16173.5,4366.85,11806.65,True
ORD-12073,2025-11-09,CUST-243,EMEA,Partner / Reseller,Professional Consulting,3,5201.26,0.0,15603.78,9268.65,6335.13,True
ORD-12074,2025-11-07,CUST-332,North America,Direct Sales,Cloud Services,1,886.78,0.0,886.78,335.2,551.58,True
ORD-12075,2025-11-19,CUST-166,North America,Partner / Reseller,Enterprise Software,1,3195.29,10.0,3195.29,862.73,2332.56,True
ORD-12076,2025-11-03,CUST-305,APAC,Direct Sales,Cloud Services,1,2185.51,5.0,2185.51,826.12,1359.39,True
ORD-12077,2025-11-21,CUST-120,APAC,Digital Self-Service,Cloud Services,2,1286.46,5.0,2572.92,972.56,1600.36,True
ORD-12078,2025-11-23,CUST-295,North America,Direct Sales,Enterprise Software,1,4419.46,10.0,4419.46,1193.25,3226.21,True
ORD-12079,2025-11-24,CUST-182,North America,Direct Sales,Enterprise Software,1,4276.47,0.0,4276.47,1154.65,3121.82,True
ORD-12080,2025-11-08,CUST-328,EMEA,Digital Self-Service,Cloud Services,1,2091.28,0.0,2091.28,790.5,1300.78,True
ORD-12081,2025-11-22,CUST-190,North America,Direct Sales,Professional Consulting,2,5629.22,10.0,11258.44,6687.51,4570.93,True
ORD-12082,2025-11-18,CUST-121,EMEA,Partner / Reseller,Cloud Services,1,1980.31,5.0,1980.31,748.56,1231.75,True
ORD-12083,2025-11-20,CUST-296,North America,Partner / Reseller,Cloud Services,1,1003.09,10.0,1003.09,379.17,623.92,True
ORD-12084,2025-11-11,CUST-220,North America,Inside Sales,Cloud Services,1,2055.45,5.0,2055.45,776.96,1278.49,True
ORD-12085,2025-11-03,CUST-162,North America,Digital Self-Service,Cloud Services,1,405.87,0.0,405.87,153.42,252.45,True
ORD-12086,2025-11-25,CUST-244,North America,Inside Sales,Cloud Services,1,1513.07,0.0,1513.07,571.94,941.13,True
ORD-12087,2025-11-10,CUST-112,North America,Partner / Reseller,Cloud Services,1,2480.4,10.0,2480.4,937.59,1542.81,True
ORD-12088,2025-11-14,CUST-220,North America,Partner / Reseller,Professional Consulting,1,5315.26,0.0,5315.26,3157.26,2158.0,True
ORD-12089,2025-11-21,CUST-301,LATAM,Partner / Reseller,Professional Consulting,2,5349.57,0.0,10699.14,6355.29,4343.85,True
ORD-12090,2025-11-03,CUST-200,North America,Direct Sales,Enterprise Software,1,1378.55,15.0,1378.55,372.21,1006.34,True
ORD-12091,2025-12-01,CUST-166,LATAM,Partner / Reseller,Cloud Services,2,410.44,5.0,820.88,310.29,510.59,True
ORD-12092,2025-11-17,CUST-196,EMEA,Partner / Reseller,Cloud Services,1,2354.89,5.0,2354.89,890.15,1464.74,True
ORD-12093,2025-11-04,CUST-136,EMEA,Digital Self-Service,Enterprise Software,2,2120.46,10.0,4240.92,1145.05,3095.87,True
ORD-12094,2025-11-18,CUST-204,North America,Direct Sales,Cloud Services,2,1805.94,0.0,3611.88,1365.29,2246.59,True
ORD-12095,2025-11-15,CUST-316,EMEA,Partner / Reseller,Professional Consulting,2,2783.06,0.0,5566.12,3306.28,2259.84,True
ORD-12096,2025-11-26,CUST-199,North America,Inside Sales,Enterprise Software,1,2955.47,0.0,2955.47,797.98,2157.49,True
ORD-12097,2025-11-26,CUST-147,North America,Partner / Reseller,Enterprise Software,3,2304.33,10.0,6912.99,1866.51,5046.48,True
ORD-12098,2025-11-13,CUST-345,APAC,Direct Sales,Enterprise Software,1,3796.1,5.0,3796.1,1024.95,2771.15,True
ORD-12099,2025-11-17,CUST-174,EMEA,Direct Sales,Enterprise Software,1,2762.53,10.0,2762.53,745.88,2016.65,True
ORD-12100,2025-11-25,CUST-232,North America,Digital Self-Service,Enterprise Software,2,2117.48,0.0,4234.96,1143.44,3091.52,True
ORD-12101,2025-11-06,CUST-276,North America,Digital Self-Service,Cloud Services,1,2146.68,5.0,2146.68,811.45,1335.23,True
ORD-12102,2025-11-03,CUST-155,North America,Digital Self-Service,Hardware & Peripherals,1,455.95,0.0,455.95,354.55,101.4,True
ORD-12103,2025-11-18,CUST-201,EMEA,Partner / Reseller,Enterprise Software,2,2397.28,10.0,4794.56,1294.53,3500.03,True
ORD-12104,2025-11-04,CUST-284,APAC,Direct Sales,Enterprise Software,1,3479.45,5.0,3479.45,939.45,2540.0,True
ORD-12105,2025-11-21,CUST-273,North America,Partner / Reseller,Hardware & Peripherals,1,403.15,0.0,403.15,313.49,89.66,True
ORD-12106,2025-11-22,CUST-318,North America,Direct Sales,Enterprise Software,3,2057.73,25.0,6173.19,1666.76,4506.43,True
ORD-12107,2025-12-01,CUST-346,North America,Inside Sales,Professional Consulting,1,6568.12,0.0,6568.12,3901.46,2666.66,True
ORD-12108,2025-11-18,CUST-234,APAC,Direct Sales,Professional Consulting,2,6673.48,15.0,13346.96,7928.09,5418.87,True
ORD-12109,2025-11-08,CUST-127,North America,Inside Sales,Professional Consulting,1,7983.58,0.0,7983.58,4742.25,3241.33,True
ORD-12110,2025-11-06,CUST-276,North America,Inside Sales,Professional Consulting,1,5143.22,5.0,5143.22,3055.07,2088.15,True
ORD-12111,2025-11-17,CUST-130,LATAM,Inside Sales,Enterprise Software,10,2277.87,15.0,22778.7,6150.25,16628.45,True
ORD-12112,2025-11-30,CUST-302,North America,Direct Sales,Cloud Services,1,848.77,0.0,848.77,320.84,527.93,True
ORD-12113,2025-11-21,CUST-297,EMEA,Direct Sales,Enterprise Software,1,1668.06,5.0,1668.06,450.38,1217.68,True
ORD-12114,2025-11-09,CUST-106,EMEA,Inside Sales,Enterprise Software,1,3213.58,0.0,3213.58,867.67,2345.91,True
ORD-12115,2025-11-28,CUST-229,North America,Partner / Reseller,Professional Consulting,2,7649.6,5.0,15299.2,9087.72,6211.48,True
ORD-12116,2025-11-12,CUST-109,EMEA,Digital Self-Service,Enterprise Software,1,1491.63,0.0,1491.63,402.74,1088.89,True
ORD-12117,2025-11-19,CUST-261,North America,Digital Self-Service,Cloud Services,3,1969.01,0.0,5907.03,2232.86,3674.17,True
ORD-12118,2025-12-01,CUST-111,EMEA,Direct Sales,Enterprise Software,2,2854.41,0.0,5708.82,1541.38,4167.44,True
ORD-12119,2025-11-06,CUST-341,North America,Direct Sales,Cloud Services,5,2177.73,5.0,10888.65,4115.91,6772.74,True
ORD-12120,2025-11-08,CUST-309,APAC,Direct Sales,Enterprise Software,2,2711.76,0.0,5423.52,1464.35,3959.17,True
ORD-12121,2025-11-23,CUST-125,LATAM,Partner / Reseller,Cloud Services,2,1072.79,0.0,2145.58,811.03,1334.55,True
ORD-12122,2025-11-12,CUST-146,North America,Direct Sales,Enterprise Software,1,4306.11,5.0,4306.11,1162.65,3143.46,True
ORD-12123,2025-11-29,CUST-136,EMEA,Digital Self-Service,Cloud Services,2,2002.41,0.0,4004.82,1513.82,2491.0,True
ORD-12124,2025-11-03,CUST-303,EMEA,Inside Sales,Enterprise Software,2,2355.22,10.0,4710.44,1271.82,3438.62,True
ORD-12125,2025-11-12,CUST-240,APAC,Partner / Reseller,Enterprise Software,2,3012.17,5.0,6024.34,1626.57,4397.77,True
ORD-12126,2025-11-08,CUST-113,North America,Digital Self-Service,Enterprise Software,2,2622.35,5.0,5244.7,1416.07,3828.63,True
ORD-12127,2025-11-24,CUST-244,EMEA,Direct Sales,Enterprise Software,1,4324.58,10.0,4324.58,1167.64,3156.94,True
ORD-12128,2025-11-11,CUST-215,LATAM,Partner / Reseller,Cloud Services,2,2363.42,5.0,4726.84,1786.75,2940.09,True
ORD-12129,2025-11-21,CUST-296,EMEA,Inside Sales,Professional Consulting,2,5742.65,15.0,11485.3,6822.27,4663.03,True
ORD-12130,2025-11-23,CUST-253,APAC,Inside Sales,Enterprise Software,2,3300.25,0.0,6600.5,1782.14,4818.36,True
ORD-12131,2025-11-18,CUST-198,EMEA,Partner / Reseller,Enterprise Software,1,3234.01,0.0,3234.01,873.18,2360.83,True
ORD-12132,2025-11-20,CUST-179,EMEA,Partner / Reseller,Enterprise Software,1,1280.84,25.0,1280.84,345.83,935.01,True
ORD-12133,2025-11-30,CUST-309,North America,Partner / Reseller,Enterprise Software,2,1902.83,10.0,3805.66,1027.53,2778.13,True
ORD-12134,2025-11-15,CUST-204,EMEA,Direct Sales,Cloud Services,5,1575.68,25.0,7878.4,2978.04,4900.36,True
ORD-12135,2025-11-17,CUST-206,LATAM,Direct Sales,Enterprise Software,1,3632.91,5.0,3632.91,980.89,2652.02,True
ORD-12136,2025-11-07,CUST-285,North America,Partner / Reseller,Professional Consulting,5,3857.01,0.0,19285.05,11455.32,7829.73,True
ORD-12137,2025-11-23,CUST-343,EMEA,Direct Sales,Cloud Services,1,1159.78,10.0,1159.78,438.4,721.38,True
ORD-12138,2025-11-11,CUST-327,EMEA,Partner / Reseller,Professional Consulting,5,7383.5,15.0,36917.5,21929.0,14988.5,True
ORD-12139,2025-11-20,CUST-317,APAC,Inside Sales,Cloud Services,1,1116.81,5.0,1116.81,422.15,694.66,True
ORD-12140,2025-11-13,CUST-123,APAC,Inside Sales,Cloud Services,2,707.89,5.0,1415.78,535.16,880.62,True
ORD-12141,2025-11-13,CUST-103,EMEA,Inside Sales,Cloud Services,3,552.89,0.0,1658.67,626.98,1031.69,True
ORD-12142,2025-11-28,CUST-235,North America,Digital Self-Service,Cloud Services,1,706.01,25.0,706.01,266.87,439.14,True
ORD-12143,2025-11-26,CUST-202,EMEA,Partner / Reseller,Enterprise Software,2,4404.57,5.0,8809.14,2378.47,6430.67,True
ORD-12144,2025-11-26,CUST-110,APAC,Partner / Reseller,Enterprise Software,2,3134.32,5.0,6268.64,1692.53,4576.11,True
ORD-12145,2025-11-09,CUST-253,North America,Inside Sales,Enterprise Software,1,3737.32,0.0,3737.32,1009.08,2728.24,True
ORD-12146,2025-11-03,CUST-151,North America,Partner / Reseller,Enterprise Software,1,4922.67,10.0,4922.67,1329.12,3593.55,True
ORD-12147,2025-11-12,CUST-342,North America,Direct Sales,Professional Consulting,1,6939.95,5.0,6939.95,4122.33,2817.62,True
ORD-12148,2025-11-10,CUST-288,North America,Inside Sales,Enterprise Software,1,3593.48,5.0,3593.48,970.24,2623.24,True
ORD-12149,2025-11-07,CUST-343,North America,Inside Sales,Professional Consulting,3,5130.85,5.0,15392.55,9143.17,6249.38,True
ORD-12150,2025-11-03,CUST-104,APAC,Inside Sales,Professional Consulting,1,3323.06,5.0,3323.06,1973.9,1349.16,True
ORD-12151,2025-11-11,CUST-326,North America,Inside Sales,Enterprise Software,5,1421.09,10.0,7105.45,1918.47,5186.98,True
ORD-12152,2025-11-15,CUST-242,APAC,Inside Sales,Cloud Services,1,1652.26,10.0,1652.26,624.55,1027.71,True
ORD-12153,2025-11-28,CUST-141,EMEA,Direct Sales,Cloud Services,1,1207.39,10.0,1207.39,456.39,751.0,True
ORD-12154,2025-11-10,CUST-167,North America,Partner / Reseller,Enterprise Software,2,4758.98,0.0,9517.96,2569.85,6948.11,True
ORD-12155,2025-11-16,CUST-180,North America,Partner / Reseller,Enterprise Software,5,4761.52,0.0,23807.6,6428.05,17379.55,True
ORD-12156,2025-12-01,CUST-120,EMEA,Partner / Reseller,Hardware & Peripherals,1,264.15,10.0,264.15,205.4,58.75,True
ORD-12157,2025-11-30,CUST-141,North America,Direct Sales,Hardware & Peripherals,1,861.93,0.0,861.93,670.24,191.69,True
ORD-12158,2025-11-15,CUST-133,EMEA,Digital Self-Service,Enterprise Software,2,3150.52,0.0,6301.04,1701.28,4599.76,True
ORD-12159,2025-11-08,CUST-175,North America,Direct Sales,Enterprise Software,2,1482.48,10.0,2964.96,800.54,2164.42,True
ORD-12160,2025-11-07,CUST-201,North America,Direct Sales,Professional Consulting,1,3938.14,25.0,3938.14,2339.26,1598.88,True
ORD-12161,2025-11-05,CUST-215,North America,Digital Self-Service,Cloud Services,1,998.0,10.0,998.0,377.24,620.76,True
ORD-12162,2025-11-14,CUST-218,APAC,Inside Sales,Cloud Services,1,627.39,5.0,627.39,237.15,390.24,True
ORD-12163,2025-11-07,CUST-263,North America,Inside Sales,Hardware & Peripherals,3,228.94,15.0,686.82,534.07,152.75,True
ORD-12164,2025-11-20,CUST-166,EMEA,Inside Sales,Cloud Services,2,783.02,0.0,1566.04,591.96,974.08,True
ORD-12165,2025-11-19,CUST-275,EMEA,Partner / Reseller,Enterprise Software,2,4353.04,10.0,8706.08,2350.64,6355.44,True
ORD-12166,2025-11-29,CUST-324,North America,Partner / Reseller,Professional Consulting,1,7248.4,5.0,7248.4,4305.55,2942.85,True
ORD-12167,2025-11-12,CUST-215,LATAM,Direct Sales,Cloud Services,2,1110.79,5.0,2221.58,839.76,1381.82,True
ORD-12168,2025-11-24,CUST-274,LATAM,Direct Sales,Cloud Services,1,1910.28,5.0,1910.28,722.09,1188.19,True
ORD-12169,2025-11-24,CUST-330,North America,Partner / Reseller,Enterprise Software,1,4471.44,15.0,4471.44,1207.29,3264.15,True
ORD-12170,2025-11-02,CUST-121,EMEA,Partner / Reseller,Enterprise Software,1,1208.56,0.0,1208.56,326.31,882.25,True
ORD-12171,2025-12-22,CUST-200,EMEA,Digital Self-Service,Enterprise Software,1,3760.76,0.0,3760.76,1015.41,2745.35,True
ORD-12172,2025-12-12,CUST-167,North America,Partner / Reseller,Cloud Services,1,1339.29,10.0,1339.29,506.25,833.04,True
ORD-12173,2025-12-18,CUST-246,North America,Inside Sales,Cloud Services,1,2367.84,25.0,2367.84,895.04,1472.8,True
ORD-12174,2025-12-26,CUST-297,EMEA,Partner / Reseller,Cloud Services,2,482.81,5.0,965.62,365.0,600.62,True
ORD-12175,2025-12-21,CUST-343,North America,Direct Sales,Cloud Services,3,2045.03,15.0,6135.09,2319.06,3816.03,True
ORD-12176,2025-12-27,CUST-269,APAC,Inside Sales,Enterprise Software,2,3499.63,25.0,6999.26,1889.8,5109.46,True
ORD-12177,2025-12-21,CUST-265,North America,Digital Self-Service,Professional Consulting,5,3504.63,10.0,17523.15,10408.75,7114.4,True
ORD-12178,2025-12-21,CUST-172,North America,Inside Sales,Cloud Services,2,1721.98,25.0,3443.96,1301.82,2142.14,True
ORD-12179,2025-12-26,CUST-191,LATAM,Partner / Reseller,Hardware & Peripherals,1,880.04,15.0,880.04,684.32,195.72,True
ORD-12180,2025-12-14,CUST-348,EMEA,Direct Sales,Cloud Services,1,1402.96,15.0,1402.96,530.32,872.64,True
ORD-12181,2025-12-16,CUST-116,EMEA,Inside Sales,Enterprise Software,5,4164.94,5.0,20824.7,5622.67,15202.03,True
ORD-12182,2025-12-19,CUST-247,LATAM,Inside Sales,Cloud Services,3,1538.15,10.0,4614.45,1744.26,2870.19,True
ORD-12183,2025-12-06,CUST-150,EMEA,Direct Sales,Professional Consulting,1,2776.93,10.0,2776.93,1649.5,1127.43,True
ORD-12184,2025-12-19,CUST-147,EMEA,Partner / Reseller,Enterprise Software,1,3192.67,0.0,3192.67,862.02,2330.65,True
ORD-12185,2025-12-24,CUST-192,APAC,Inside Sales,Enterprise Software,3,1313.61,0.0,3940.83,1064.02,2876.81,True
ORD-12186,2025-12-21,CUST-272,North America,Digital Self-Service,Enterprise Software,1,2935.21,15.0,2935.21,792.51,2142.7,True
ORD-12187,2025-12-07,CUST-164,North America,Inside Sales,Professional Consulting,1,4055.79,5.0,4055.79,2409.14,1646.65,True
ORD-12188,2025-12-14,CUST-175,North America,Partner / Reseller,Enterprise Software,3,2541.48,5.0,7624.44,2058.6,5565.84,True
ORD-12189,2025-12-06,CUST-302,North America,Partner / Reseller,Cloud Services,3,1952.66,15.0,5857.98,2214.32,3643.66,True
ORD-12190,2025-12-08,CUST-126,North America,Partner / Reseller,Cloud Services,2,2293.19,0.0,4586.38,1733.65,2852.73,True
ORD-12191,2025-12-23,CUST-186,EMEA,Inside Sales,Cloud Services,1,1088.55,0.0,1088.55,411.47,677.08,True
ORD-12192,2025-12-12,CUST-342,EMEA,Partner / Reseller,Enterprise Software,1,4880.79,0.0,4880.79,1317.81,3562.98,True
ORD-12193,2025-12-21,CUST-340,EMEA,Inside Sales,Professional Consulting,1,4220.31,0.0,4220.31,2506.86,1713.45,True
ORD-12194,2025-12-02,CUST-198,LATAM,Digital Self-Service,Hardware & Peripherals,1,664.11,0.0,664.11,516.41,147.7,True
ORD-12195,2025-12-12,CUST-166,North America,Partner / Reseller,Professional Consulting,1,6638.02,0.0,6638.02,3942.98,2695.04,True
ORD-12196,2025-12-21,CUST-247,North America,Direct Sales,Enterprise Software,1,3766.62,15.0,3766.62,1016.99,2749.63,True
ORD-12197,2025-12-21,CUST-280,North America,Partner / Reseller,Cloud Services,1,498.47,0.0,498.47,188.42,310.05,True
ORD-12198,2025-12-03,CUST-122,North America,Inside Sales,Enterprise Software,1,2584.05,0.0,2584.05,697.69,1886.36,True
ORD-12199,2025-12-28,CUST-193,EMEA,Partner / Reseller,Enterprise Software,2,1607.44,10.0,3214.88,868.02,2346.86,True
ORD-12200,2025-12-17,CUST-304,North America,Digital Self-Service,Professional Consulting,1,7703.74,0.0,7703.74,4576.02,3127.72,True
ORD-12201,2025-12-21,CUST-264,APAC,Digital Self-Service,Enterprise Software,2,4417.1,25.0,8834.2,2385.23,6448.97,True
ORD-12202,2025-12-27,CUST-198,EMEA,Direct Sales,Enterprise Software,1,4150.07,5.0,4150.07,1120.52,3029.55,True
ORD-12203,2025-12-18,CUST-133,APAC,Direct Sales,Cloud Services,2,526.3,0.0,1052.6,397.88,654.72,True
ORD-12204,2025-12-06,CUST-296,North America,Partner / Reseller,Enterprise Software,2,3154.17,15.0,6308.34,1703.25,4605.09,True
ORD-12205,2025-12-31,CUST-209,North America,Digital Self-Service,Enterprise Software,3,4274.57,15.0,12823.71,3462.4,9361.31,True
ORD-12206,2025-12-20,CUST-213,North America,Partner / Reseller,Cloud Services,1,2063.82,0.0,2063.82,780.12,1283.7,True
ORD-12207,2025-12-24,CUST-271,North America,Digital Self-Service,Enterprise Software,2,2481.68,10.0,4963.36,1340.11,3623.25,True
ORD-12208,2025-12-15,CUST-282,APAC,Digital Self-Service,Hardware & Peripherals,1,986.43,0.0,986.43,767.05,219.38,True
ORD-12209,2025-12-06,CUST-121,APAC,Inside Sales,Enterprise Software,1,3534.65,25.0,3534.65,954.36,2580.29,True
ORD-12210,2025-12-02,CUST-110,North America,Digital Self-Service,Enterprise Software,3,4433.85,0.0,13301.55,3591.42,9710.13,True
ORD-12211,2025-12-09,CUST-160,North America,Direct Sales,Cloud Services,1,2244.66,10.0,2244.66,848.48,1396.18,True
ORD-12212,2025-12-29,CUST-223,North America,Partner / Reseller,Enterprise Software,1,1991.71,5.0,1991.71,537.76,1453.95,True
ORD-12213,2025-12-15,CUST-177,North America,Inside Sales,Cloud Services,1,782.51,0.0,782.51,295.79,486.72,True
ORD-12214,2025-12-21,CUST-317,EMEA,Partner / Reseller,Hardware & Peripherals,1,665.16,5.0,665.16,517.23,147.93,True
ORD-12215,2025-12-30,CUST-264,North America,Direct Sales,Cloud Services,5,1326.23,0.0,6631.15,2506.57,4124.58,True
ORD-12216,2025-12-29,CUST-194,North America,Direct Sales,Cloud Services,1,1951.37,5.0,1951.37,737.62,1213.75,True
ORD-12217,2025-12-27,CUST-127,APAC,Partner / Reseller,Professional Consulting,3,6245.39,10.0,18736.17,11129.28,7606.89,True
ORD-12218,2025-12-06,CUST-101,EMEA,Direct Sales,Enterprise Software,3,1744.21,0.0,5232.63,1412.81,3819.82,True
ORD-12219,2025-12-25,CUST-167,EMEA,Partner / Reseller,Enterprise Software,1,1541.43,10.0,1541.43,416.19,1125.24,True
ORD-12220,2025-12-16,CUST-203,EMEA,Direct Sales,Enterprise Software,2,3223.55,5.0,6447.1,1740.72,4706.38,True
ORD-12221,2025-12-07,CUST-182,North America,Digital Self-Service,Professional Consulting,1,7399.11,5.0,7399.11,4395.07,3004.04,True
ORD-12222,2025-12-10,CUST-341,North America,Partner / Reseller,Cloud Services,3,1195.71,5.0,3587.13,1355.94,2231.19,True
ORD-12223,2025-12-18,CUST-197,APAC,Partner / Reseller,Professional Consulting,2,7129.28,10.0,14258.56,8469.58,5788.98,True
ORD-12224,2025-12-14,CUST-345,North America,Inside Sales,Enterprise Software,2,4502.32,0.0,9004.64,2431.25,6573.39,True
ORD-12225,2025-12-16,CUST-286,North America,Partner / Reseller,Cloud Services,2,816.47,25.0,1632.94,617.25,1015.69,True
ORD-12226,2025-12-31,CUST-344,EMEA,Partner / Reseller,Enterprise Software,1,1890.8,10.0,1890.8,510.52,1380.28,True
ORD-12227,2025-12-30,CUST-183,EMEA,Direct Sales,Enterprise Software,1,1583.08,5.0,1583.08,427.43,1155.65,True
ORD-12228,2025-12-09,CUST-183,EMEA,Partner / Reseller,Cloud Services,3,702.13,10.0,2106.39,796.22,1310.17,True
ORD-12229,2025-12-29,CUST-178,North America,Direct Sales,Hardware & Peripherals,2,363.35,5.0,726.7,565.08,161.62,True
ORD-12230,2025-12-22,CUST-141,APAC,Digital Self-Service,Cloud Services,1,1961.69,0.0,1961.69,741.52,1220.17,True
ORD-12231,2025-12-02,CUST-307,LATAM,Inside Sales,Cloud Services,1,948.18,5.0,948.18,358.41,589.77,True
ORD-12232,2025-12-25,CUST-317,APAC,Inside Sales,Enterprise Software,2,4594.43,0.0,9188.86,2480.99,6707.87,True
ORD-12233,2025-12-20,CUST-163,EMEA,Inside Sales,Enterprise Software,1,1465.55,10.0,1465.55,395.7,1069.85,True
ORD-12234,2025-12-31,CUST-329,APAC,Partner / Reseller,Cloud Services,1,636.28,5.0,636.28,240.51,395.77,True
ORD-12235,2025-12-19,CUST-107,APAC,Direct Sales,Hardware & Peripherals,1,694.89,0.0,694.89,540.35,154.54,True
ORD-12236,2025-12-13,CUST-240,North America,Direct Sales,Enterprise Software,3,4204.23,15.0,12612.69,3405.43,9207.26,True
ORD-12237,2025-12-10,CUST-275,APAC,Inside Sales,Professional Consulting,3,4933.67,0.0,14801.01,8791.8,6009.21,True
ORD-12238,2025-12-08,CUST-270,EMEA,Partner / Reseller,Cloud Services,3,1916.29,0.0,5748.87,2173.07,3575.8,True
ORD-12239,2025-12-19,CUST-292,APAC,Direct Sales,Enterprise Software,3,1431.35,0.0,4294.05,1159.39,3134.66,True
ORD-12240,2025-12-10,CUST-120,APAC,Digital Self-Service,Hardware & Peripherals,1,398.1,0.0,398.1,309.56,88.54,True
ORD-12241,2025-12-04,CUST-323,EMEA,Direct Sales,Enterprise Software,5,4512.94,0.0,22564.7,6092.47,16472.23,True
ORD-12242,2025-12-06,CUST-341,EMEA,Digital Self-Service,Cloud Services,5,751.71,5.0,3758.55,1420.73,2337.82,True
ORD-12243,2025-12-04,CUST-288,EMEA,Direct Sales,Enterprise Software,2,3016.28,5.0,6032.56,1628.79,4403.77,True
ORD-12244,2025-12-08,CUST-121,North America,Inside Sales,Hardware & Peripherals,10,755.38,0.0,7553.8,5873.83,1679.97,True
ORD-12245,2025-12-05,CUST-138,North America,Partner / Reseller,Enterprise Software,1,1383.98,0.0,1383.98,373.67,1010.31,True
ORD-12246,2025-12-23,CUST-292,EMEA,Direct Sales,Hardware & Peripherals,1,1158.12,0.0,1158.12,900.55,257.57,True
ORD-12247,2025-12-26,CUST-203,North America,Partner / Reseller,Professional Consulting,1,2535.42,0.0,2535.42,1506.04,1029.38,True
ORD-12248,2025-12-21,CUST-269,APAC,Inside Sales,Professional Consulting,2,4678.95,15.0,9357.9,5558.59,3799.31,True
ORD-12249,2025-12-08,CUST-175,EMEA,Inside Sales,Hardware & Peripherals,1,934.11,0.0,934.11,726.36,207.75,True
ORD-12250,2025-12-08,CUST-324,EMEA,Digital Self-Service,Cloud Services,1,1786.71,10.0,1786.71,675.38,1111.33,True
ORD-12251,2025-12-05,CUST-123,North America,Inside Sales,Enterprise Software,1,4183.0,5.0,4183.0,1129.41,3053.59,True
ORD-12252,2025-12-06,CUST-183,LATAM,Partner / Reseller,Hardware & Peripherals,2,1052.84,5.0,2105.68,1637.38,468.3,True
ORD-12253,2025-12-14,CUST-279,APAC,Digital Self-Service,Enterprise Software,2,4391.97,10.0,8783.94,2371.66,6412.28,True
ORD-12254,2025-12-28,CUST-100,APAC,Partner / Reseller,Professional Consulting,2,6862.79,10.0,13725.58,8152.99,5572.59,True
ORD-12255,2025-12-20,CUST-227,APAC,Direct Sales,Cloud Services,2,669.23,0.0,1338.46,505.94,832.52,True
ORD-12256,2025-12-16,CUST-191,EMEA,Digital Self-Service,Enterprise Software,1,2246.76,0.0,2246.76,606.63,1640.13,True
ORD-12257,2025-12-26,CUST-341,North America,Partner / Reseller,Hardware & Peripherals,1,372.61,0.0,372.61,289.74,82.87,True
ORD-12258,2025-12-17,CUST-141,EMEA,Inside Sales,Hardware & Peripherals,1,593.58,0.0,593.58,461.57,132.01,True
ORD-12259,2025-12-07,CUST-346,North America,Inside Sales,Cloud Services,2,529.19,15.0,1058.38,400.07,658.31,True
ORD-12260,2025-12-02,CUST-235,EMEA,Direct Sales,Cloud Services,3,672.97,0.0,2018.91,763.15,1255.76,True
ORD-12261,2025-12-10,CUST-261,EMEA,Partner / Reseller,Hardware & Peripherals,3,316.53,10.0,949.59,738.4,211.19,True
ORD-12262,2025-12-29,CUST-257,North America,Inside Sales,Enterprise Software,1,2148.85,25.0,2148.85,580.19,1568.66,True
ORD-12263,2025-12-20,CUST-328,APAC,Direct Sales,Hardware & Peripherals,1,821.83,0.0,821.83,639.06,182.77,True
ORD-12264,2025-12-20,CUST-208,APAC,Partner / Reseller,Cloud Services,1,2495.88,0.0,2495.88,943.44,1552.44,True
ORD-12265,2025-12-28,CUST-211,North America,Direct Sales,Enterprise Software,1,4379.73,5.0,4379.73,1182.53,3197.2,True
ORD-12266,2025-12-26,CUST-153,North America,Inside Sales,Enterprise Software,1,4177.68,5.0,4177.68,1127.97,3049.71,True
ORD-12267,2025-12-05,CUST-225,North America,Direct Sales,Cloud Services,5,979.96,5.0,4899.8,1852.12,3047.68,True
ORD-12268,2025-12-18,CUST-127,North America,Direct Sales,Enterprise Software,1,3961.7,15.0,3961.7,1069.66,2892.04,True
ORD-12269,2025-12-05,CUST-150,EMEA,Inside Sales,Hardware & Peripherals,1,889.52,5.0,889.52,691.69,197.83,True
ORD-12270,2025-12-09,CUST-348,North America,Digital Self-Service,Enterprise Software,1,3907.96,0.0,3907.96,1055.15,2852.81,True
ORD-12271,2025-12-18,CUST-202,North America,Partner / Reseller,Hardware & Peripherals,1,666.63,0.0,666.63,518.37,148.26,True
ORD-12272,2025-12-20,CUST-273,North America,Inside Sales,Cloud Services,3,1132.76,10.0,3398.28,1284.55,2113.73,True
ORD-12273,2025-12-21,CUST-101,North America,Partner / Reseller,Enterprise Software,1,1312.8,5.0,1312.8,354.46,958.34,True
ORD-12274,2025-12-07,CUST-165,APAC,Inside Sales,Professional Consulting,1,7516.74,5.0,7516.74,4464.94,3051.8,True
ORD-12275,2025-12-06,CUST-312,North America,Inside Sales,Enterprise Software,1,3423.56,0.0,3423.56,924.36,2499.2,True
ORD-12276,2025-12-03,CUST-179,LATAM,Direct Sales,Hardware & Peripherals,1,573.13,10.0,573.13,445.67,127.46,True
ORD-12277,2025-12-27,CUST-219,North America,Digital Self-Service,Enterprise Software,1,2898.34,0.0,2898.34,782.55,2115.79,True
ORD-12278,2025-12-25,CUST-341,EMEA,Digital Self-Service,Cloud Services,1,1629.69,5.0,1629.69,616.02,1013.67,True
ORD-12279,2025-12-12,CUST-300,North America,Digital Self-Service,Enterprise Software,1,4990.44,5.0,4990.44,1347.42,3643.02,True
ORD-12280,2025-12-18,CUST-253,APAC,Inside Sales,Enterprise Software,2,3440.65,10.0,6881.3,1857.95,5023.35,True
ORD-12281,2025-12-18,CUST-150,EMEA,Inside Sales,Hardware & Peripherals,2,820.83,5.0,1641.66,1276.55,365.11,True
ORD-12282,2025-12-28,CUST-126,North America,Inside Sales,Cloud Services,2,1666.27,25.0,3332.54,1259.7,2072.84,True
ORD-12283,2025-12-06,CUST-222,EMEA,Partner / Reseller,Enterprise Software,1,2289.29,0.0,2289.29,618.11,1671.18,True
ORD-12284,2025-12-07,CUST-276,LATAM,Digital Self-Service,Professional Consulting,1,4621.36,5.0,4621.36,2745.09,1876.27,True
ORD-12285,2025-12-31,CUST-117,EMEA,Digital Self-Service,Enterprise Software,3,3520.08,0.0,10560.24,2851.26,7708.98,True
ORD-12286,2025-12-15,CUST-154,EMEA,Inside Sales,Professional Consulting,1,7734.53,10.0,7734.53,4594.31,3140.22,True
ORD-12287,2025-12-19,CUST-315,North America,Direct Sales,Professional Consulting,1,2634.15,5.0,2634.15,1564.69,1069.46,True
ORD-12288,2025-12-23,CUST-339,EMEA,Direct Sales,Cloud Services,5,599.66,0.0,2998.3,1133.36,1864.94,True
ORD-12289,2025-12-23,CUST-229,APAC,Inside Sales,Professional Consulting,1,5691.26,15.0,5691.26,3380.61,2310.65,True
ORD-12290,2025-12-30,CUST-287,APAC,Digital Self-Service,Enterprise Software,5,4908.84,15.0,24544.2,6626.93,17917.27,True
ORD-12291,2025-12-18,CUST-239,LATAM,Digital Self-Service,Enterprise Software,1,4317.32,0.0,4317.32,1165.68,3151.64,True
ORD-12292,2025-12-06,CUST-326,North America,Partner / Reseller,Enterprise Software,5,1656.92,5.0,8284.6,2236.84,6047.76,True
ORD-12293,2025-12-16,CUST-238,North America,Direct Sales,Hardware & Peripherals,5,542.49,0.0,2712.45,2109.2,603.25,True
ORD-12294,2025-12-03,CUST-312,APAC,Partner / Reseller,Cloud Services,2,1072.42,0.0,2144.84,810.75,1334.09,True
ORD-12295,2025-12-04,CUST-271,North America,Partner / Reseller,Enterprise Software,2,2732.27,5.0,5464.54,1475.43,3989.11,True
ORD-12296,2025-12-17,CUST-253,EMEA,Partner / Reseller,Cloud Services,2,1639.9,5.0,3279.8,1239.76,2040.04,True
ORD-12297,2025-12-26,CUST-317,EMEA,Direct Sales,Enterprise Software,2,4784.43,0.0,9568.86,2583.59,6985.27,True
ORD-ANOM-1,2025-06-15,CUST-GLOBAL-CORP,North America,Direct Sales,Enterprise Software,50,4500.0,20.0,180000.0,36000.0,144000.0,True
ORD-ANOM-2,2025-09-22,CUST-MEGA-TECH,EMEA,Partner / Reseller,Cloud Services,100,2200.0,15.0,187000.0,65450.0,121550.0,True
